:020000040800F2
:1000000000000524691E0008711B0008731B00080E
:10001000751B0008771B0008791B00080000000012
:10002000000000000000000000000000C1AF000858
:100030007B1B00080000000061B00008A9AC0008AC
:10004000B91E0008B91E0008B91E0008B91E000834
:10005000B91E0008B91E0008B91E0008B91E000824
:100060008989000839890008B91E0008B91E0008EE
:10007000B91E0008B91E0008B91E0008B91E000804
:10008000B91E0008B91E0008B91E0008B91E0008F4
:10009000B91E0008B91E0008B91E0008B91E0008E4
:1000A000B91E00087D1B0008B91E0008B91E000813
:1000B000A1890008B91E0008B91E0008B91E000871
:1000C000B91E0008B91E0008B91E0008B91E0008B4
:1000D000B91E0008B91E0008B91E0008B91E0008A4
:1000E00061890008B91E000800000000B91E000860
:1000F000B91E0008B91E0008B91E0008B91E000884
:10010000B91E0008B91E0008B91E0008B91E000873
:10011000B91E0008B91E0008B91E0008B91E000863
:10012000B91E0008B91E0008B91E0008B91E000853
:10013000B91E00088D1B0008B91E0008B91E000872
:1001400000000000000000000000000000000000AF
:10015000B91E0008B91E0008B91E0008B91E000823
:10016000B91E0008B91E0008B91E0008B91E000813
:10017000B91E0008B91E0008B91E000800000000E2
:10018000B91E0008B91E0008B91E0008B91E0008F3
:10019000B91E0008B91E0008B91E0008B91E0008E3
:1001A000B91E0008B91E0008B91E000800000000B2
:1001B000B91E0008B91E0008B91E0008B91E0008C3
:1001C000B91E0008B91E0008000000000000000071
:1001D0000000000000000000B91E00080000000040
:1001E000000000000000000000000000000000000F
:1001F0000000000000000000B91E0008B91E000841
:10020000B91E0008B91E000800000000B91E000851
:10021000B91E0008B91E0008B91E0008B91E000862
:10022000B91E000800000000B91E00080000000010
:10023000B91E0008B91E000800000000B91E000821
:10024000B91E0008B91E0008B91E0008B91E000832
:10025000B91E0008B91E0008B91E0008B91E000822
:10026000B91E0008B91E0008B91E0008B91E000812
:10027000B91E0008B91E0008B91E000800000000E1
:10028000B91E0008B91E0008B91E0008B91E0008F2
:1002900000000000B91E0008B91E000800000000A0
:1002A00000000000B91E0008B91E0008B91E0008B1
:1002B000B91E0008B91E0008B91E0008B91E0008C2
:0C02C000B91E0008B91E0008B91E000895
:1003000010B5054C237833B9044B13B10448AFF34F
:1003100000800123237010BD38100024000000006D
:10032000182E010808B5034B1BB103490348AFF36E
:10033000008008BD000000003C100024182E0108B9
:1003400053B94AB9002908BF00281CBF4FF0FF313C
:100350004FF0FF3000F074B9ADF1080C6DE904CE38
:1003600000F006F8DDF804E0DDE9022304B0704790
:100370002DE9F047089D04468E46002B4DD18A4258
:10038000944669D9B2FA82F252B101FA02F3C2F18B
:10039000200120FA01F10CFA02FC41EA030E94401C
:1003A0004FEA1C48210CBEFBF8F61FFA8CF708FB3D
:1003B00016E341EA034306FB07F199420AD91CEB15
:1003C000030306F1FF3080F01F81994240F21C8147
:1003D000023E63445B1AA4B2B3FBF8F008FB10338F
:1003E00044EA034400FB07F7A7420AD91CEB0404C4
:1003F00000F1FF3380F00A81A74240F20781644494
:10040000023840EA0640E41B00261DB1D440002318
:10041000C5E900433146BDE8F0878B4209D9002D7C
:1004200000F0EF800026C5E9000130463146BDE806
:10043000F087B3FA83F6002E4AD18B4202D3824270
:1004400000F2F980841A61EB030301209E46002D1F
:10045000E0D0C5E9004EDDE702B9FFDEB2FA82F274
:10046000002A40F09280A1EB0C014FEA1C471FFAD2
:100470008CFE0126200CB1FBF7F307FB131140EAB9
:1004800001410EFB03F0884208D91CEB010103F186
:10049000FF3802D2884200F2CB804346091AA4B248
:1004A000B1FBF7F007FB101144EA01440EFB00FE1C
:1004B000A64508D91CEB040400F1FF3102D2A64581
:1004C00000F2BB800846A4EB0E0440EA03409CE720
:1004D000C6F12007B34022FA07FC4CEA030C20FACD
:1004E00007F401FA06F31C43F9404FEA1C4900FAED
:1004F00006F3B1FBF9F8200C1FFA8CFE09FB18116A
:1005000040EA014108FB0EF0884202FA06F20BD9DC
:100510001CEB010108F1FF3A80F08880884240F22C
:100520008580A8F102086144091AA4B2B1FBF9F070
:1005300009FB101144EA014100FB0EFE8E4508D96B
:100540001CEB010100F1FF346CD28E456AD90238F0
:10055000614440EA0840A0FB0294A1EB0E01A142D5
:10056000C846A64656D353D05DB1B3EB080261EB43
:100570000E0101FA07F722FA06F3F1401F43C5E91D
:10058000007100263146BDE8F087C2F12003D84053
:100590000CFA02FC21FA03F3914001434FEA1C4795
:1005A0001FFA8CFEB3FBF7F007FB10360B0C43EA87
:1005B000064300FB0EF69E4204FA02F408D91CEB37
:1005C000030300F1FF382FD29E422DD90238634435
:1005D0009B1B89B2B3FBF7F607FB163341EA0341D5
:1005E00006FB0EF38B4208D91CEB010106F1FF3824
:1005F00016D28B4214D9023E6144C91A46EA00461B
:1006000038E72E46284605E70646E3E61846F8E6AC
:100610004B45A9D2B9EB020864EB0C0E0138A3E7F5
:100620004646EAE7204694E74046D1E7D0467BE7D6
:10063000023B614432E7304609E76444023842E74E
:10064000704700BF844641EA000313F003036DD1F5
:10065000403A41D351F8043B40F8043B51F8043B85
:1006600040F8043B51F8043B40F8043B51F8043B8C
:1006700040F8043B51F8043B40F8043B51F8043B7C
:1006800040F8043B51F8043B40F8043B51F8043B6C
:1006900040F8043B51F8043B40F8043B51F8043B5C
:1006A00040F8043B51F8043B40F8043B51F8043B4C
:1006B00040F8043B51F8043B40F8043B51F8043B3C
:1006C00040F8043B51F8043B40F8043B51F8043B2C
:1006D00040F8043B403ABDD2303211D351F8043BCC
:1006E00040F8043B51F8043B40F8043B51F8043B0C
:1006F00040F8043B51F8043B40F8043B103AEDD27B
:100700000C3205D351F8043B40F8043B043AF9D2CB
:10071000043208D0D2071CBF11F8013B00F8013B9E
:1007200001D30B8803806046704700BF082A13D3AB
:100730008B078DD010F003038AD0C3F10403D21AC3
:10074000DB071CBF11F8013B00F8013B80D331F8F7
:10075000023B20F8023B7BE7043AD9D3013A11F877
:10076000013B00F8013BF9D20B7803704B784370E2
:100770008B78837060467047000000000000000026
:1007800090F800F06DE9024520F007016FF0000CD1
:1007900010F0070491F820F040F049804FF0000479
:1007A0006FF00700D1E9002391F840F000F1080054
:1007B00082FA4CF2A4FA8CF283FA4CF3A2FA8CF38C
:1007C0004BBBD1E9022382FA4CF200F10800A4FAF3
:1007D0008CF283FA4CF3A2FA8CF3E3B9D1E9042347
:1007E00082FA4CF200F10800A4FA8CF283FA4CF37E
:1007F000A2FA8CF37BB9D1E9062301F1200182FA38
:100800004CF200F10800A4FA8CF283FA4CF3A2FA3D
:100810008CF3002BC6D0002A04BF04301A4612BA4B
:10082000B2FA82F2FDE8024500EBD2007047D1E94E
:10083000002304F00305C4F100004FEAC50514F0DD
:10084000040F91F840F00CFA05F562EA05021CBFAE
:1008500063EA050362464FF00004A9E700000000C8
:1008600001F0FF01102A2BDB10F0070F08D010F861
:10087000013B013A8B422DD010F0070F42B3F6D165
:10088000F0B441EA012141EA014122F007047FF07E
:1008900000070023F0E80256083C85EA010586EAD5
:1008A000010685FA47F5A3FA87F586FA47F6A5FA11
:1008B00087F68EB9EED1F0BC01F0FF0102F007021D
:1008C00032B110F8013B013A83EA010313B1F8D1C8
:1008D0000020704701387047002D06BF35460338A9
:1008E000073815F0010F07D1013015F4807F02BFE2
:1008F000013015F4C03F0130F0BC0138704700BF33
:1009000081F0004102E000BF83F0004330B54FEAC0
:1009100041044FEA430594EA050F08BF90EA020F2D
:100920001FBF54EA000C55EA020C7FEA645C7FEAC0
:10093000655C00F0E2804FEA5454D4EB5555B8BFE3
:100940006D420CDD2C4480EA020281EA030382EA54
:10095000000083EA010180EA020281EA0303362DE6
:1009600088BF30BD11F0004F4FEA01314FF4801CB9
:100970004CEA113102D0404261EB410113F0004FCB
:100980004FEA03334CEA133302D0524263EB430382
:1009900094EA050F00F0A780A4F10104D5F1200E20
:1009A0000DDB02FA0EFC22FA05F2801841F100017B
:1009B00003FA0EF2801843FA05F359410EE0A5F14F
:1009C00020050EF1200E012A03FA0EFC28BF4CF080
:1009D000020C43FA05F3C01851EBE37101F0004536
:1009E00007D54FF0000EDCF1000C7EEB00006EEB43
:1009F0000101B1F5801F1BD3B1F5001F0CD34908CD
:100A00005FEA30004FEA3C0C04F101044FEA445223
:100A100012F5800F80F09A80BCF1004F08BF5FEAAA
:100A2000500C50F1000041EB045141EA050130BD8A
:100A30005FEA4C0C404141EB0101013C28BFB1F59C
:100A4000801FE9D291F0000F04BF01460020B1FAE7
:100A500081F308BF2033A3F10B03B3F120020CDABA
:100A60000C3208DD02F1140CC2F10C0201FA0CF098
:100A700021FA02F10CE002F11402D8BFC2F1200CFD
:100A800001FA02F120FA0CFCDCBF41EA0C019040B3
:100A9000E41AA2BF01EB0451294330BD6FEA0404FC
:100AA0001F3C1CDA0C340EDC04F11404C4F12002E7
:100AB00020FA04F001FA02F340EA030021FA04F3F9
:100AC00045EA030130BDC4F10C04C4F1200220FA50
:100AD00002F001FA04F340EA0300294630BD21FA8E
:100AE00004F0294630BD94F0000F83F4801306BF54
:100AF00081F480110134013D4EE77FEA645C18BF48
:100B00007FEA655C29D094EA050F08BF90EA020FDE
:100B100005D054EA000C04BF1946104630BD91EAD6
:100B2000030F1EBF0021002030BD5FEA545C05D1D9
:100B30004000494128BF41F0004130BD14F5800418
:100B40003CBF01F5801130BD01F0004545F0FE418C
:100B500041F470014FF0000030BD7FEA645C1ABFC1
:100B6000194610467FEA655C1CBF0B46024650EAF8
:100B7000013406BF52EA033591EA030F41F4002124
:100B800030BD00BF90F0000F04BF0021704730B5AA
:100B90004FF4806404F132044FF000054FF000017F
:100BA00050E700BF90F0000F04BF0021704730B540
:100BB0004FF4806404F1320410F0004548BF404215
:100BC0004FF000013EE700BF42004FEAE2014FEA6A
:100BD00031014FEA02701FBF12F07F4393F07F4F45
:100BE00081F06051704732F07F4208BF704793F048
:100BF0007F4F04BF41F40021704730B54FF460745B
:100C000001F0004521F000411CE700BF50EA01025D
:100C100008BF704730B54FF000050AE050EA010206
:100C200008BF704730B511F0004502D5404261EB76
:100C300041014FF4806404F132045FEA915C3FF4B7
:100C4000D8AE4FF003025FEADC0C18BF03325FEA54
:100C5000DC0C18BF033202EBDC02C2F1200300FA05
:100C600003FC20FA02F001FA03FE40EA0E0021FA2A
:100C700002F11444BDE600BF70B54FF0FF0C4CF418
:100C8000E06C1CEA11541DBF1CEA135594EA0C0FCA
:100C900095EA0C0F00F0DEF82C4481EA030621EA05
:100CA0004C5123EA4C5350EA013518BF52EA033540
:100CB00041F4801143F4801338D0A0FB02CE4FF0F2
:100CC0000005E1FB02E506F00042E0FB03E54FF022
:100CD0000006E1FB03569CF0000F18BF4EF0010E1A
:100CE000A4F1FF04B6F5007F64F5407404D25FEA16
:100CF0004E0E6D4146EB060642EAC62141EA5551C9
:100D00004FEAC52040EA5E504FEACE2EB4F1FD0C0A
:100D100088BFBCF5E06F1ED8BEF1004F08BF5FEA88
:100D2000500E50F1000041EB045170BD06F000463A
:100D300046EA010140EA020081EA0301B4EB5C04E7
:100D4000C2BFD4EB0C0541EA045170BD41F48011DF
:100D50004FF0000E013C00F3AB8014F1360FDEBF04
:100D6000002001F0004170BDC4F10004203C35DAE0
:100D70000C341BDC04F11404C4F1200500FA05F363
:100D800020FA04F001FA05F240EA020001F0004204
:100D900021F0004110EBD37021FA04F642EB06017A
:100DA0005EEA430E08BF20EAD37070BDC4F10C04A4
:100DB000C4F1200500FA04F320FA05F001FA04F268
:100DC00040EA020001F0004110EBD37041F1000154
:100DD0005EEA430E08BF20EAD37070BDC4F120055F
:100DE00000FA05F24EEA020E20FA04F301FA05F2C7
:100DF00043EA020321FA04F001F0004121FA04F26F
:100E000020EA020000EBD3705EEA430E08BF20EA3E
:100E1000D37070BD94F0000F0FD101F00046400078
:100E200041EB010111F4801F08BF013CF7D041EAFA
:100E3000060195F0000F18BF704703F000465200FE
:100E400043EB030313F4801F08BF013DF7D043EACF
:100E50000603704794EA0C0F0CEA135518BF95EA85
:100E60000C0F0CD050EA410618BF52EA4306D1D10C
:100E700081EA030101F000414FF0000070BD50EA2B
:100E8000410606BF1046194652EA430619D094EAB5
:100E90000C0F02D150EA013613D195EA0C0F05D19F
:100EA00052EA03361CBF104619460AD181EA0301F3
:100EB00001F0004141F0FE4141F470014FF00000AB
:100EC00070BD41F0FE4141F4780170BD70B54FF046
:100ED000FF0C4CF4E06C1CEA11541DBF1CEA1355C6
:100EE00094EA0C0F95EA0C0F00F0A7F8A4EB0504A8
:100EF00081EA030E52EA03354FEA013100F088809F
:100F00004FEA03334FF0805545EA131343EA126367
:100F10004FEA022245EA111545EA10654FEA00261C
:100F20000EF000419D4208BF964244F1FD0404F5D5
:100F3000407402D25B084FEA3202B61A65EB030531
:100F40005B084FEA32024FF480104FF4002CB6EBEE
:100F5000020E75EB030E22BFB61A754640EA0C006E
:100F60005B084FEA3202B6EB020E75EB030E22BFAE
:100F7000B61A754640EA5C005B084FEA3202B6EBEF
:100F8000020E75EB030E22BFB61A754640EA9C00AE
:100F90005B084FEA3202B6EB020E75EB030E22BF7E
:100FA000B61A754640EADC0055EA060E18D04FEA3C
:100FB000051545EA16754FEA06164FEAC30343EADC
:100FC00052734FEAC2025FEA1C1CC0D111F4801FA9
:100FD0000BD141EA00014FF000004FF0004CB6E7A2
:100FE00011F4801F04BF01430020B4F1FD0C88BF41
:100FF000BCF5E06F3FF6AFAEB5EB030C04BFB6EB4C
:10100000020C5FEA500C50F1000041EB045170BD3E
:101010000EF0004E4EEA113114EB5C04C2BFD4EB6B
:101020000C0541EA045170BD41F480114FF0000EEF
:10103000013C90E645EA060E8DE60CEA135594EA6B
:101040000C0F08BF95EA0C0F3FF43BAF94EA0C0F6E
:101050000AD150EA01347FF434AF95EA0C0F7FF4E3
:1010600025AF104619462CE795EA0C0F06D152EA37
:1010700003353FF4FDAE1046194622E750EA41061B
:1010800018BF52EA43067FF4C5AE50EA41047FF42C
:101090000DAF52EA43057FF4EBAE12E74FF0FF3C91
:1010A00006E000BF4FF0010C02E000BF4FF0010C62
:1010B0004DF804CD4FEA410C7FEA6C5C4FEA430CDB
:1010C00018BF7FEA6C5C1BD001B050EA410C0CBF2A
:1010D00052EA430C91EA030F02BF90EA020F00208C
:1010E000704710F1000F91EA030F58BF994208BFF3
:1010F00090422CBFD8176FEAE37040F001007047B0
:101100004FEA410C7FEA6C5C02D150EA013C07D106
:101110004FEA430C7FEA6C5CD6D152EA033CD3D051
:101120005DF8040B704700BF8446104662468C464B
:101130001946634600E000BF01B5FFF7B7FF00287E
:1011400048BF10F1000F01BD4DF808EDFFF7F4FFA7
:101150000CBF012000205DF808FB00BF4DF808ED32
:10116000FFF7EAFF34BF012000205DF808FB00BF55
:101170004DF808EDFFF7E0FF94BF012000205DF877
:1011800008FB00BF4DF808EDFFF7CEFF94BF01202C
:1011900000205DF808FB00BF4DF808EDFFF7C4FF25
:1011A00034BF012000205DF808FB00BF4FEA410C6E
:1011B0007FEA6C5C02D150EA013C0AD14FEA430C51
:1011C0007FEA6C5C02D152EA033C02D14FF000008E
:1011D00070474FF0010070474FEA410212F50012CC
:1011E00015D211D56FF47873B3EB625212D94FEA6E
:1011F000C12343F0004343EA505311F0004F23FA58
:1012000002F018BF404270474FF00000704750EAAC
:10121000013005D111F0004008BF6FF00040704769
:101220004FF00000704700BF08B5642009F0D4FDFE
:10123000FBE708B505F0D0FA05F0E8FB012009F05E
:10124000CBFDF9E708B5074A0021074809F066FD1C
:10125000064B1860064A0021064809F05FFD064B60
:10126000186008BD702E01082912000858100024CB
:101270004C2E010833120008541000242DE9F047C9
:101280008EB0002409940A940B940C940D946D4B29
:10129000D3F8E02042F01002C3F8E020D3F8E020B9
:1012A00002F010020192019AD3F8E02042F0040209
:1012B000C3F8E020D3F8E02002F004020292029A80
:1012C000D3F8E02042F02002C3F8E020D3F8E02079
:1012D00002F020020392039AD3F8E02042F0800249
:1012E000C3F8E020D3F8E02002F080020492049AD0
:1012F000D3F8E02042F00102C3F8E020D3F8E02068
:1013000002F001020592059AD3F8E02042F00202B1
:10131000C3F8E020D3F8E02002F002020692069A19
:10132000D3F8E02042F00802C3F8E020D3F8E02030
:1013300002F008020792079AD3F8E02042F0400238
:10134000C3F8E020D3F8E03003F040030893089B93
:101350003D4E22464FF40161304601F08FF8DFF830
:10136000F8A022464FF48041504601F087F8374FED
:1013700022464FF4C061384601F080F84FF008096A
:10138000CDF824904FF40418CDF8288001250B9552
:1013900009A9304600F068FF102309930A950B94C1
:1013A0000C9409A9304600F05FFF4FF400530993F5
:1013B000CDF828800B9509A9254800F055FF4FF47A
:1013C000006309930A950B9502230C9309A93046F3
:1013D00000F04AFF4FF4804309930A950B940C9454
:1013E00009A9504600F040FF04230993CDF8288056
:1013F0000B9509A9174800F037FF4FF4C063099314
:101400000A950B940C9409A9384600F02DFF4FF46F
:10141000405309930A940B9409A9384600F024FF1D
:1014200022460721484600F0AFFD2246062109204A
:1014300000F0AAFD22460721282000F0A5FD0EB0ED
:10144000BDE8F08700440258001002580018025806
:1014500000080258000C02580004025800B587B07A
:10146000114BD3F8E02042F01002C3F8E020D3F88B
:10147000E03003F010030093009B082301934FF426
:10148000041302930123039301A9084800F0ECFE22
:1014900000220621092000F077FD092000F0B8FDA8
:1014A00007B05DF804FB00BF00440258001002586A
:1014B00000B587B0114BD3F8E02042F00402C3F826
:1014C000E020D3F8E03003F004030093009B4FF4D6
:1014D000005301934FF4041302930123039301A9D2
:1014E000074800F0C1FE00220721282000F04CFD33
:1014F000282000F08DFD07B05DF804FB0044025881
:101500000008025800B587B0114BD3F8E02042F034
:101510000802C3F8E020D3F8E03003F0080300939A
:10152000009B042301934FF40413029301230393BC
:1015300001A9084800F098FE00220721082000F0C9
:1015400023FD082000F064FD07B05DF804FB00BF38
:1015500000440258000C025830B585B000240094B5
:1015600001940294039400F065FD01258DF800506C
:101570008DF801404FF0405301930E238DF8083051
:101580008DF809408DF80A5003238DF80B308DF843
:101590000C508DF80D408DF80E408DF80F406846C8
:1015A00000F066FD8DF8015007238DF808308DF8A6
:1015B0000A408DF80D508DF80F50684600F058FD28
:1015C000042000F045FD05B030BD000008B50268FC
:1015D000034B9A4200D008BD00F09EFCFBE700BF21
:1015E0000000014072B6FEE700B59DB04C2200211C
:1015F00009A80BF0A9FD2022002101A80BF0A4FDF1
:10160000022001F0EDFC00230093214B9A6922F4A3
:1016100040429A619B6903F440430093009B1C4B3A
:101620009B6913F4005FFAD0012209924FF48033D2
:101630000A930223129313930521149160211591AB
:1016400016920422179218930823199300231A93D1
:101650001B9309A801F0EEFCA8B93F2301930321D5
:1016600002910023039308230493402305930693D8
:101670004FF480620792089301A802F0CBF820B9DA
:101680001DB05DF804FBFFF7ADFFFFF7ABFF00BF38
:101690000048025808B5FFF75FFF2F4B5B6913F452
:1016A000003F13D1BFF34F8FBFF36F8F2A4B002240
:1016B000C3F85022BFF34F8FBFF36F8F5A6942F4C4
:1016C00000325A61BFF34F8FBFF36F8F224B5B69BC
:1016D00013F4803F27D1204B0022C3F88420BFF3AE
:1016E0004F8FD3F88040C4F34E3000E01846C4F367
:1016F000C90243F6E07303EA401343EA82731649D2
:10170000C1F860321346013A002BF2D1431E002883
:10171000ECD1BFF34F8F4B6943F480334B61BFF380
:101720004F8FBFF36F8F00F0C9FBFFF75DFFFFF72F
:10173000A5FD00F019FB00F0BDFA00F011F8074814
:1017400000F042F907F076F809F0BAFAFFF77AFDEF
:1017500009F0C8FAFEE700BF00ED00E058110024D0
:1017600000B587B000230093019302930393049381
:1017700005931948194A02600A2242608360C360D7
:1017800013220261052242618361C3610362012267
:1017900042624FF0804282624FF08052C262036325
:1017A000082242638363C36301F01EF970B9012309
:1017B00000934FF00113039341F2883269460648C3
:1017C00001F096F928B907B05DF804FBFFF70AFFAE
:1017D000EDE7FFF707FFF6E75C100024005000522A
:1017E000F0B5B9B00446002133913491359136916A
:1017F0003791B82204A80BF0A7FC22682F4B9A421D
:1018000001D039B0F0BD4FF000720023CDE90423C0
:1018100005230693402207920893099304230A9311
:1018200080230B932023179304A802F0B9FA002811
:1018300041D1234BD3F8D42042F40012C3F8D42072
:10184000D3F8D42002F400120192019AD3F8D420E4
:1018500042F48042C3F8D420D3F8D42002F480426A
:101860000292029AD3F8E02042F02002C3F8E0206E
:10187000D3F8E03003F020030393039B4FF470731D
:1018800033930227349700263596032536950A238D
:1018900037930C4C33A9204600F0E6FC4FF48063EC
:1018A00033933497359636950923379333A92046D9
:1018B00000F0DAFCA5E7FFF795FEBAE7005000520A
:1018C000004402580014025810B596B00446502245
:1018D000002102A80BF038FC6B230493012305932D
:1018E0004FF4807309934FF480530A9308944FF098
:1018F00040731093042311930823139341F2883209
:101900000DEB03010F4800F05BFF48B941F288324C
:1019100001A90C4801F002F820B1FFF763FE01E0D5
:10192000FFF760FE9DF807009DF806301B0443EAB0
:1019300000639DF8050043EA00239DF80400184366
:1019400016B010BD5C10002430B597B005460C46AB
:101950005022002102A80BF0F7FB8DF80440230A67
:101960008DF80530230C8DF80630240E8DF80740D5
:1019700062230493012305934FF4807309934FF47A
:1019800080530A9308954FF04073109304231193EA
:1019900041F2883202A90A4800F012FF48B941F228
:1019A000883201A9064800F06CFF38B1FFF71AFE33
:1019B00004E004480BF088FCFFF714FE17B030BDBC
:1019C0005C100024942E010808B5054B1860054BE7
:1019D000186800230222194680680BF08FFC08BDAE
:1019E000B81000248C060024022804D9034B0922D5
:1019F0001A60002070470120704700BFC0610024BA
:101A0000013801280BD810B514464FF0FF3392B2BD
:101A10000748006804F02AF838B9204610BD054B85
:101A200009221A604FF0FF3070470520F6E700BF2B
:101A3000B8100024C0610024022801D8002070479B
:101A4000024B09221A604FF0FF307047C06100243A
:101A5000024B09221A604FF0FF307047C06100242A
:101A600008B548B94FF0FF3301220748006804F079
:101A700065F838B9012008BD044B09221A604FF0FF
:101A8000FF30F8E70520F6E7B8100024C061002415
:101A9000022804D9044B09221A60002070474FF431
:101AA00000534B60F9E700BFC061002400B583B06C
:101AB0000A4BD3F8F42042F00202C3F8F420D3F822
:101AC000F43003F002030193019B00220F216FF019
:101AD000010000F059FA03B05DF804FB004402581D
:101AE0000F2801D90120704710B58AB004460022A2
:101AF0000146192000F048FA192000F07BFA174B34
:101B00001C60174BD3F8F02042F00102C3F8F0201C
:101B1000D3F8F03003F001030093009B01A902A861
:101B200002F008F801F0F4FF43000E48A0FB032385
:101B30009B0C013B0C480D4A026040F2E732C26048
:101B4000436000230361836003F01EFA10B101209B
:101B50000AB010BD044803F065F8F9E70C00002452
:101B60000044025883DE1B43BC10002400000140E7
:101B7000FEE7FEE7FEE7FEE7FEE7704708B502482E
:101B800003F0A4F808BD00BFBC10002408B502484B
:101B900000F0A1FA08BD00BFC01700240120704763
:101BA000024B16221A604FF0FF307047C0610024CC
:101BB00008B54FF0FF31FFF7F3FFFEE710B403461F
:101BC0000C4A0D490D48006850B10C4800680344A8
:101BD000521A934208D8094A13605DF8044B7047C3
:101BE0000648074C0460F0E7064B0C221A604FF0E1
:101BF000FF30F2E700000524002000000811002457
:101C000008620024C0610024224AD2F8883043F4DC
:101C10007003C2F88830204B1B6803F00F03062BBB
:101C200006D81D4A136823F00F0343F0070313601F
:101C30001A4B1A6842F001021A6000221A611968F0
:101C4000174A0A401A60144B1B6813F0080F06D09D
:101C5000114A136823F00F0343F0070313600F4B7F
:101C600000229A61DA611A620E4999620E49D962BC
:101C70000E4919635A639963DA6319645A641968DF
:101C800021F4802119601A66094B43F2D2021A60CE
:101C9000704700BF00ED00E00020005200440258F1
:101CA0007FEDF6EA000202020000FF01800201015E
:101CB0000040005200B589B00023049305930693B9
:101CC000079301930293039315484FF080420260FB
:101CD000EF224260836040F2E732C26003618023FA
:101CE000836103F051F990B94FF48053049304A930
:101CF0000B4803F087F968B900230193039301A906
:101D0000074803F01BFA40B909B05DF804FBFFF780
:101D100069FCE9E7FFF766FCEEE7FFF763FCF3E732
:101D20000C1100240368B3F1804F00D0704700B558
:101D300083B00C4BD3F8E82042F00102C3F8E8204E
:101D4000D3F8E83003F001030193019B002207213F
:101D50001C2000F019F91C2000F04CF903B05DF8CC
:101D600004FB00BF0044025808B51748174B036036
:101D70004FF4E133436000238360C36003610C22AE
:101D800042618361036243628362436603F0C6FF7C
:101D900070B900210C4804F03AF860B900210A48F3
:101DA00004F05AF850B9084804F012F848B908BDD0
:101DB000FFF718FCEDE7FFF715FCEFE7FFF712FC64
:101DC000F1E7FFF70FFCF2E758110024000C005870
:101DD00010B5B6B00446002131913291339134915F
:101DE0003591B82202A80BF0AFF922681B4B9A423A
:101DF00001D036B010BD04220023CDE9022302A891
:101E000001F0CEFF38BB164BD3F8F42042F00802A5
:101E1000C3F8F420D3F8F42002F008020092009AEC
:101E2000D3F8E02042F00102C3F8E020D3F8E0301C
:101E300003F001030193019B4FF4C063319302232C
:101E400032930023339303233493359331A9054808
:101E500000F00AFACDE7FFF7C5FBD4E7000C005805
:101E60000044025800000258DFF834D0FFF7CCFEDF
:101E70000C480D490D4A002302E0D458C4500433E5
:101E8000C4188C42F9D30A4A0A4C002301E01360BB
:101E90000432A242FBD30AF0F7FDFFF7FBFB7047C9
:101EA000000005240000002438100024903E0108A2
:101EB0003810002408620024FEE7000010B503205B
:101EC00000F050F801F0ACFB0F498B69C3F303231A
:101ED0000E4AD35C03F01F03D8408B6903F00F0355
:101EE000D35C03F01F0320FA03F3094A1360094B84
:101EF00018600F20FFF7F4FD10B10124204610BD3B
:101F00000446FFF7D3FDF9E700440258B02E01085C
:101F10000400002400000024034B1B78034A1168CE
:101F20000B441360704700BF08000024EC1100242C
:101F3000014B1868704700BFEC11002438B5044607
:101F4000FFF7F6FF0546B4F1FF3F02D0044B1B78C4
:101F50001C44FFF7EDFF401BA042FAD338BD00BF81
:101F6000080000240649CB6823F4E0631B041B0C23
:101F7000000200F4E0600343024A1A43CA6070475B
:101F800000ED00E00000FA0500B5174BDB68C3F375
:101F90000223C3F1070CBCF1040F28BF4FF0040C5F
:101FA00003F1040EBEF1060F14D9033B4FF0FF3EC0
:101FB0000EFA0CFC21EA0C0199400EFA03F322EA16
:101FC00003031943002807DB0901C9B2074B195461
:101FD0005DF804FB0023E9E700F00F000901C9B236
:101FE000034B1954F4E700BF00ED00E000E400E00B
:101FF00014ED00E0002807DB00F01F024009012378
:102000009340024A42F82030704700BF00E100E0F0
:1020100000280CDB00F01F02400901239340203010
:10202000034A42F82030BFF34F8FBFF36F8F7047E2
:1020300000E100E0BFF35F8F044B5A6A22F4803264
:102040005A620022C3F89420704700BF00ED00E000
:1020500040F00100054BC3F894005A6A42F4803204
:102060005A62BFF34F8FBFF36F8F704700ED00E0F0
:102070004278164BC3F898200378FBB14368134AA3
:10208000C2F89C30017BC37A1B0643EA0173817A54
:1020900043EAC143417B43EA8143817B43EA4143B5
:1020A000C17B43EA0143417A43EA0123017A43EACF
:1020B000410301780B43C2F8A0307047034B002264
:1020C000C3F89C20C3F8A020704700BF00ED00E0DB
:1020D00070477047704710B50446036803F5805297
:1020E000D2F8602112F0400F06D003F58052D2F8EA
:1020F000342112F0400F5CD1236803F58052D2F8EE
:10210000602112F0010F06D003F58052D2F834217D
:1021100012F0010F56D1236803F58052D2F86021E6
:1021200012F4804F2BD003F58052D2F8342112F4F0
:10213000804F24D0D4F8882042F00802C4F88820C8
:1021400003F58052D2F8602112F4805F44D003F589
:102150008053D3F8602122F46F6222F00D02D20482
:10216000D20CC4F88C20D3F8342122F44042C3F8B6
:102170003421E023C4F88430204608F087FD23682A
:10218000D3F8B42012F4C04F33D12368D3F8B02071
:1021900012F0100F41D12368D3F8B02012F0200FB5
:1021A00048D14FF0B043D3F8A83013F4800F4ED18C
:1021B00010BD03F5805348F24002C3F8602108F0D7
:1021C00055FD99E703F5805348F20102C3F86021F9
:1021D000204608F053FD9EE703F58053D3F86021B5
:1021E00002F4CD42C4F88C204FF4CD42C3F86021F4
:1021F000C2E7D4F8882042F01002C4F88820D3F84F
:10220000B830C4F89030E023C4F88430204608F099
:102210003DFD0023C4F89030B7E7D3F8C03003F099
:102220006003C4F894302046FFF752FF0023C4F83F
:102230009430B0E7D3F8C03003F00F03C4F89830FF
:102240002046FFF746FF0023C4F89830A9E74FF077
:10225000B0434FF48002C3F8A8202046FFF73AFFAE
:10226000A6E7D0F88C007047F0B583B000236BE090
:1022700085685E000324B44025EA0405CC68B440B8
:102280002C438460446824EA0C0C4C68C4F30014AA
:102290009C4044EA0C04446068E0DD08083550F8CE
:1022A000256003F007044FEA840C0F2404FA0CF4B1
:1022B00026EA040E0C6904FA0CF444EA0E0440F811
:1022C00025406BE0092400E0002404FA0EF42C43BE
:1022D0000CF1020C664D45F82C404FF0B0442568D7
:1022E000D44325EA02064F6817F4801F01D042EA62
:1022F00005064FF0B0452E606D6804EA05064F688C
:1023000017F4001F01D042EA05064FF0B0456E6099
:10231000D5F8845004EA05064F6817F4003F01D051
:1023200042EA05064FF0B045C5F88460D5F8805004
:102330002C404E6816F4803F01D042EA05044FF06D
:10234000B042C2F8804001330A6832FA03F400F068
:102350008C804FF0010C0CFA03FC1CEA0202F2D054
:102360004C6804F00304013C012C81D94C6804F052
:102370000304032C0CD0C4685D004FF0030C0CFA6E
:1023800005FC24EA0C0C8C68AC4044EA0C04C460E4
:102390004C6804F00304022C3FF47FAF04684FEA5A
:1023A000430E4FF0030C0CFA0EFC24EA0C0C4C68A4
:1023B00004F0030404FA0EF444EA0C0404604C68CC
:1023C00014F4403FBFD02B4CD4F8F45045F0020534
:1023D000C4F8F450D4F8F44004F002040194019CD1
:1023E0004FEA930C0CF10205214C54F8255003F0F0
:1023F00003044FEA840E0F2404FA0EF425EA0405C0
:102400001D4CA0423FF460AF04F58064A0421ED092
:1024100004F58064A0421CD004F58064A0421AD068
:1024200004F58064A04218D004F58064A04216D060
:1024300004F58064A04214D004F58064A04212D058
:1024400004F50064A0423FF43DAF0A243DE70124B7
:102450003BE7022439E7032437E7042435E7052462
:1024600033E7062431E707242FE703B0F0BD00BFB0
:102470000004005800440258000002580AB181616B
:102480007047090481617047436901EA030221EA48
:10249000030141EA024181617047704708B54FF07E
:1024A000B043D3F88830034200D108BD4FF0B043A9
:1024B000C3F88800FFF7F1FFF7E70000F0B5026806
:1024C000136823F040531360836833B902681368BC
:1024D00023F080034C68234313600B68022B4DD01C
:1024E000032B55D0036803F5807203F5847E03F552
:1024F000887C03F59073CC6C8D6C2C431460CC6A93
:102500005CB18C6A1C60136823F47C13CC6A4D6B3D
:102510002C430D6B2C4323431360DEF8003023F073
:102520001F034C6C2343CEF800308B6B2BB10B6830
:102530001BB9CB6B0468013B2364CB68002B73D0C1
:10254000CC69002C48D08D6B65B31768484E3E406F
:102550004F693B430F693B431C434B6A1C430B6A67
:102560001C432C430D6C2C43344314608B68CCF813
:10257000003003688A699A640020F0BD036803F59F
:10258000C07203F5C47E03F5C87C03F5D073B2E7CF
:10259000036803F5A07203F5A47E03F5A87C03F598
:1025A000B073A8E71668334D35404E6933430E6962
:1025B00033431C434B6A1C430B6A1C432C4314607B
:1025C000C36AB3F1805FD1D14B69082BCED11368B8
:1025D00043F000631360C9E78C6B84B1156826482B
:1025E00028404D692B430D692B431C430B6C1C4346
:1025F000044314608B68CCF800300020BDE71468F9
:1026000024F03F044D692B430D692B432343136092
:10261000C36AB3F1805FEDD14B69082BEAD113682F
:1026200043F000631360E5E7CB69E3B18C6B84B1E1
:102630001668124D35404E6A33430E6A33432343C6
:102640000C6C23432B43136003688A699A6400204F
:1026500093E7146824F47C544D6A2B430D6A2B4392
:1026600023431360F0E708234365012085E700BF9B
:10267000C0C0FFF0C0C0FFFFC0FFFFF0FFC0FFF011
:10268000431EDBB2012B01D901207047002965D020
:1026900010B400230B604B608B60CB600B61022891
:1026A00002D00024002213E02D4B1B6813F0010F11
:1026B00001D12C4CF6E74FF40074F3E7501C40F0C6
:1026C0008070C86036E0531C43F080730B610132A8
:1026D000012A3FD89000244B1B5813F0010F06D05D
:1026E00084EA030010F0020F01D1501C086013F0BF
:1026F000100F06D084EA030010F0200F01D1501C07
:10270000486013F4807F06D084EA030010F4007F51
:1027100001D1501C886013F4803F0BD084EA030081
:1027200010F4802F06D113F4003FC7D1501C40F4A1
:102730008030C86013F0807FC9D084EA030010F0B5
:10274000806FC4D113F0007FBDD1531C43F480339C
:102750000B61BCE700205DF8044B70470120704717
:1027600000B400522202040404B400522DE9F843DC
:1027700005460F4616469946DDF820802C68246AE7
:102780003C4214BF4FF0010C4FF0000CB44514D084
:10279000B8F1FF3FF2D0FFF7CBFBA0EB09004045BB
:1027A00002D8B8F1000FE9D14FF400732B656B6DBF
:1027B00043F001036B65012000E00020BDE8F883D1
:1027C0002DE9F04182B0044688461746FFF7B0FB7A
:1027D0000646256D022D09D0142D24D0242D28D095
:1027E00010236365012002B0BDE8F081E368B3F116
:1027F000806FF1D000973346002220212046FFF75A
:10280000B5FF0028EFD1606541462046FFF756FE30
:102810000028E8D1D8F8383093B1D8F80030D3B9CF
:1028200004232365DFE7D8F80030023B012BD5D81D
:10283000E0E7D8F80030032B18BF012BD0D1D9E73F
:1028400000973346012202212046FFF78FFF2368BD
:1028500002225A62C7E7012B07D0022BC3D1236D96
:10286000142B0BD024232365BDE7236D242B02D02A
:1028700014232365B7E704232365B4E70423236502
:10288000B1E72DE9F04182B0044688461646FFF7CD
:102890004FFB2768B8F1000F0AD00546236D042BC3
:1028A0000AD0102363650123184602B0BDE8F08109
:1028B000082363650123F7E73B6C0133A364A36C32
:1028C0006364C4F840803B6823F040533B6000964B
:1028D0002B46012204212046FFF748FF034660B93A
:1028E000226C127887F85020216C01312164A16C90
:1028F0000139A164A26C002AE9D1002BD4D1009641
:102900002B46012202212046FFF730FF0346002814
:10291000CAD1216802224A622265C5E72DE9F04149
:1029200082B0044688461746FFF702FB2568AA6C6A
:10293000D5F81011B8F1000F0AD00646236D042B0C
:102940000AD0102363650123184602B0BDE8F08168
:10295000082363650123F7E72B6C0133A364A36CA1
:102960006364C4F840802B6823F0405343F08053E5
:102970002B60E368B3F1806F07D02368D3F80001C0
:1029800010F4E06F2AD09A6401E023689A640097FB
:102990003346012206212046FFF7E8FE034660B9D0
:1029A000226C95F850101170216C01312164A16CDA
:1029B0000139A164A26C002AE9D1002BC4D100978F
:1029C0003346012202212046FFF7D0FE03460028AD
:1029D000BAD1216802224A622265B5E7C3F8101114
:1029E000D5E781650020704730B583B00446FFF716
:1029F0009FFA002C77D0054600236365236D13B141
:102A0000002003B030BD2046FEF7EAFE41F28831D7
:102A10002046FFF7E6FF20688268344B1340E268E7
:102A20002169013942EA01426169013942EA012220
:102A3000616B0A43E1690A43134383602268D368E8
:102A400023F4E023216A0B43D360216BA36B22683C
:102A500043EA014313612368E26B5A6121680B6802
:102A600023F4F8536268013A43EA02230B60A36D32
:102A700000932B46002220212046FFF777FE0028F6
:102A8000BFD12168CB6823F0FF03626A013A134388
:102A9000CB602268136823F04003A1680B431360E6
:102AA0002168D1F8083123F0A043A26AE56A2A43DD
:102AB0001343C1F808312268136843F0010313601F
:102AC000A369022B06D0E368B3F1806F08D002231C
:102AD000236596E72268936843F002039360F2E768
:102AE000012323658DE701208BE700BFF4F8E0F8B0
:102AF0002DE9F0438DB081460D4602689A4B9A420B
:102B000005D04FF00008012600231F4604E04FF0D7
:102B100001080026F8E72346012B0FD85C1CE4B21D
:102B200003EB43030DEBC3012046FFF7A9FD00288B
:102B3000F1D00823C9F854300127ECE7002F40F00A
:102B40000C81894B1B6813F0010F00F00A81864A43
:102B5000136823F0010313600121844B1B6813F0F9
:102B6000010F07D0814A136823F00103136041F07D
:102B70000201C9B206EB46030CAA02EBC30353F8E9
:102B8000283C013B7A4800EB83035A6822F48072A8
:102B90005A60036813F0010F00F02E81036823F0E0
:102BA00001030360B8F1000F40F0E480D5F800E0C5
:102BB000434608EB48020CA800EBC20252F8300C66
:102BC000864518D008EB48080CAA02EBC80858F84C
:102BD0002C2C6C6894420ED058F8282CAC68944287
:102BE00009D058F8242CEC68944204D058F8202CD2
:102BF0002C69944248D1864500F047810138800015
:102C00005B4A0244506820F00100506003EB43022D
:102C10000CA800EBC20252F82C2C3AB1013A9200F7
:102C200053481044426822F01002426003EB430014
:102C30000CAA02EBC00050F8282C013A92004C4C30
:102C40001444626822F48072626050F8242C4AB105
:102C5000013A02F00102920045481044426822F411
:102C60008032426003EB43030CAA02EBC30353F828
:102C7000203C4BB1013B03F001039B003C4A1A444A
:102C8000536823F080735360AA68013A384800EB18
:102C90008202536823F4407343EA462343F480736B
:102CA00053606B69013B0268C2F30742934205D946
:102CB000026822F47F0242EA034303602C4B1B6844
:102CC00013F0010F00F027812B68013B9B00284A7D
:102CD0001A44536823F0030343F0010353606B6805
:102CE0004BB1013B9B00224A1A44536823F0300346
:102CF00043F010035360EB6813F4803F00F0EB8067
:102D0000013B03F001039B00194A1A44536823F462
:102D1000E02343F4803353602B6913F4803F00F0C9
:102D2000EA80013B03F001039B00114A1A445368F7
:102D300023F4E02343F44033536011F0010F04D037
:102D4000094A136843F00103136011F0020F04D025
:102D5000064A136843F00103136038460DB0BDE81E
:102D6000F0833946F9E600BF0050005200A000523F
:102D700000B40052434608EB48000CAA02EBC00026
:102D800050F8302C013A9200944C1444626842F09E
:102D90000202626050F82C2C3AB1013A92008F483E
:102DA0001044426842F02002426003EB43020CA848
:102DB00000EBC20252F8242C4AB1013A02F001029F
:102DC000920086481044426842F48022426003EB3D
:102DD00043030CAA02EBC30353F8203C002B3FF43F
:102DE000E5AE013B03F001039B007C4A1A445368A3
:102DF00043F080635360D9E606EB46030CAA02EB6E
:102E0000C30353F8303C002B3FF4D0AE013B9B0092
:102E1000724A1A44536823F00103536006EB4603D9
:102E20000CAA02EBC30353F82C3C3BB1013B9B00C3
:102E30006A4A1A44536823F01003536006EB4603B2
:102E40000CAA02EBC30353F8243C4BB1013B03F043
:102E500001039B00614A1A44536823F48033536092
:102E600006EB46030CAA02EBC30353F8203C002BED
:102E70003FF49CAE013B03F001039B00574A1A4408
:102E8000536823F08073536090E66C6803EB430251
:102E90000DF1300C0CEBC20252F82C2C94427FF452
:102EA000ADAEEC6803EB43020CEBC20252F8242CEB
:102EB00094427FF4A3AE2C6903EB43020CEBC202F5
:102EC00052F8202C94427FF499AE444A136843F0A0
:102ED00001031360D8E6002B3FF41EAF013B03F063
:102EE00001039B003D4A1A44536823F0E06343F01A
:102EF0008073536010E7002B3FF41FAF013B03F0DA
:102F000001039B00354A1A44536823F0E06343F001
:102F10004073536011E72B68013B9B002F4A1A4412
:102F2000536823F0030343EA460343F0010353606D
:102F30006B685BB1013B9B00284A1A44536823F03D
:102F4000300343EA461343F010035360EB6813F475
:102F5000803F20D0013B03F001039B001F4A1A442D
:102F6000536823F4E02343EA864343F480335360F9
:102F70002B6913F4803F1FD0013B03F001039B003A
:102F8000164A1A44536823F4E02343EA864646F47B
:102F900040365660D1E6002BEAD0013B03F0010336
:102FA0009B000E4A1A44536823F0E06343EA8663A9
:102FB00043F080735360DBE7002B3FF4BEAE013B70
:102FC00003F001039B00054A1A44536823F0E063B1
:102FD00043EA866646F040765660AEE600B400529C
:102FE000134BDB6813F0040F07D1114BDB6803F0C0
:102FF000070383421AD00120704710B50C4AD368EA
:1030000023F007031843D060FEF792FF0446084BF5
:103010005B6813F4005F07D1FEF78AFF001BB0F571
:103020007A7FF4D9012000E0002010BD0020704715
:1030300000480258002800F0D78238B504460368DB
:1030400013F0010F25D0A04A136903F03803926AE8
:10305000102B15D0182B0FD06368B3F5803F3FD0ED
:10306000002B53D1984B1A6822F480321A601A68E8
:1030700022F480221A6038E002F00302022AEBD127
:10308000914B1B6813F4003F03D06368002B00F0E2
:10309000AD82236813F0020F00F088808A4A13691A
:1030A000926A13F038035AD0182B55D0E368002BDE
:1030B00000F0A98084490A6822F0190213430B60CA
:1030C000FEF736FF0546804B1B6813F0040F40F0F7
:1030D0009180FEF72DFF401B0228F4D903208CE2DB
:1030E000794A136843F48033136063682BB3FEF7A7
:1030F0001FFF0546744B1B6813F4003FC9D1FEF750
:1031000017FF401B6428F5D9032076E2B3F5A02F02
:1031100009D06D4B1A6822F480321A601A6822F4C2
:1031200080221A60E1E7684B1A6842F480221A6034
:103130001A6842F480321A60D7E7FEF7F9FE0546B6
:10314000614B1B6813F4003FA3D0FEF7F1FE401B58
:103150006428F5D9032050E212F0030FA6D15A4B90
:103160001B6813F0040F03D0E368002B00F04082CB
:10317000554A136823F01903E1680B431360FEF707
:10318000D7FE0546504B1B6813F0040F06D1FEF71F
:10319000CFFE401B0228F5D903202EE24A4A53688D
:1031A00023F0FE43216943EA01635360236813F06F
:1031B000100F51D0444A136903F03803926A082B68
:1031C00039D0182B33D0E369002B69D03E4A1368FD
:1031D00043F080031360FEF7ABFE05463A4B1B68D5
:1031E00013F4807F53D1FEF7A3FE401B0228F5D9CC
:1031F000032002E2344A536823F0FE43216943EA84
:1032000001635360D2E7304A136823F0010313606F
:10321000FEF78EFE05462C4B1B6813F0040FC5D03D
:10322000FEF786FE401B0228F5D90320E5E102F0F7
:103230000302012AC7D1244B1B6813F4807F03D0FB
:10324000E369802B40F0D6811F4AD36823F07C537A
:10325000216A43EA0163D360236813F0080F49D061
:103260006369002B32D0184A536F43F00103536750
:10327000FEF75EFE0546144B5B6F13F0020F39D16B
:10328000FEF756FE401B0228F5D90320B5E10E4A91
:10329000D36823F07C53216A43EA0163D360DBE700
:1032A000094A136823F080031360FEF741FE0546C8
:1032B000054B1B6813F4807FCED0FEF739FE401B10
:1032C0000228F5D9032098E1004402589D4A536F23
:1032D00023F001035367FEF72BFE0546994B5B6F06
:1032E00013F0020F06D0FEF723FE401B0228F5D98B
:1032F000032082E1236813F0200F29D0A3699BB13A
:10330000904A136843F480531360FEF711FE05469C
:103310008C4B1B6813F4005F1AD1FEF709FE401BAB
:103320000228F5D9032068E1864A136823F4805304
:103330001360FEF7FDFD0546824B1B6813F4005F2A
:1033400006D0FEF7F5FD401B0228F5D9032054E115
:10335000236813F0040F21D1636A002B00F04C8125
:10336000784A126902F03802182A00F0F380022B22
:1033700075D0744A136823F080731360FEF7D8FD8C
:103380000446704B1B6813F0007F00F0D880FEF7F6
:10339000CFFD001B0228F4D903202EE16A4A1368EE
:1033A00043F480731360FEF7C3FD0546664B1B684C
:1033B00013F4807F06D1FEF7BBFD401B6428F5D9CE
:1033C00003201AE1A368012B0AD00BBB5D4B1A6FD7
:1033D00022F001021A671A6F22F004021A6704E051
:1033E000584A136F43F001031367A36833B3FEF722
:1033F0009FFD0546534B1B6F13F0020FACD1FEF738
:1034000097FD401B41F288339842F3D90320F4E042
:10341000052B09D04B4B1A6F22F001021A671A6F65
:1034200022F004021A67E0E7464B1A6F42F00402EA
:103430001A671A6F42F001021A67D6E7FEF778FDA5
:103440000546404B1B6F13F0020F85D0FEF770FD51
:10345000401B41F288339842F3D90320CDE0394A2A
:10346000136823F080731360FEF762FD0546354B49
:103470001B6813F0007F06D0FEF75AFD401B0228A0
:10348000F5D90320B9E02F4B996A304A0A40A16A66
:10349000E06A41EA00110A439A62226B013AC2F3E0
:1034A0000802616B0139490289B20A43A16B0139F3
:1034B000090401F4FE010A43E16B0139090601F038
:1034C000FE410A431A63DA6A22F00102DA62596B9A
:1034D0001F4A0A40A16C42EAC1025A63DA6A22F02A
:1034E0000C02216C0A43DA62DA6A22F00202616C91
:1034F0000A43DA62DA6A42F48032DA62DA6A42F461
:103500000032DA62DA6A42F48022DA62DA6A42F07F
:103510000102DA621A6842F080721A60FEF708FD52
:103520000446084B1B6813F0007F06D1FEF700FD30
:10353000001B0228F5D903205FE000205DE0002099
:103540005BE000BF00440258004802580CFCFFFF3B
:103550000700FFFF30498A6A086B012B4ED002F04A
:103560000303A16A8B424BD1C2F30512E36A9A426C
:1035700048D1C0F30802236B013B9A4244D1C0F307
:103580004622636B013B9A4240D1C0F30642A36BD3
:10359000013B9A423CD1C0F30660E36B013B984289
:1035A00038D11D4B5B6BC3F3CC03A26C9A4201D1A3
:1035B000002022E0184AD36A23F00103D362FEF709
:1035C000B7FC0546FEF7B4FCA842FBD0124A516B8B
:1035D000124B0B40A16C43EAC1035363D36A43F01F
:1035E0000103D362002008E001207047012004E0BD
:1035F000012002E0012000E0002038BD0120FCE7AE
:103600000120FAE70120F8E70120F6E70120F4E7BE
:103610000120F2E70120F0E7004402580700FFFF15
:10362000744B1B6903F03803102B00F0DE80182B5D
:1036300010D00BB1704870476E4B1B6813F0200F11
:1036400000F0D5806B4B1868C0F3C1006B4B23FAB8
:1036500000F0704710B4674A916A01F00301946A60
:10366000C4F30510D36A03F0010C536BC3F3CC030E
:103670000CFB03F307EE903AF8EE677A14F47C7FC4
:1036800000F09380012965D0022900F09180E1B11A
:1036900007EE100AF8EE476A9FED596A86EE267A21
:1036A000544B1B6BC3F3080306EE903AF8EE666AC0
:1036B0009FED546A67EE867A76EEA77AF7EE006A97
:1036C00077EEA67A27EE277A60E0136813F0200FD2
:1036D00023D011461268C2F3C102484BD34007EE13
:1036E000103AF8EE476A07EE100AB8EE476A86EE1F
:1036F000867A0B6BC3F3080306EE903AF8EE666A1F
:103700009FED406A67EE867A76EEA77AF7EE006A5A
:1037100077EEA67A27EE277A38E007EE100AF8EE61
:10372000476A9FED396A86EE267A324B1B6BC3F3EC
:10373000080306EE903AF8EE666A9FED326A67EE8D
:10374000867A76EEA77AF7EE006A77EEA67A27EE0B
:10375000277A1BE007EE100AF8EE476A9FED286A09
:1037600086EE267A234B1B6BC3F3080306EE903AD2
:10377000F8EE666A9FED236A67EE867A76EEA77AA0
:10378000F7EE006A77EEA67A27EE277A194B1B6BC5
:10379000C3F34623013307EE903AF8EE677AC7EE9B
:1037A000276AFCEEE67A17EE900A5DF8044B704744
:1037B00007EE100AF8EE476A9FED146A86EE267A45
:1037C0000C4B1B6BC3F3080306EE903AF8EE666AE7
:1037D0009FED0C6A67EE867A76EEA77AF7EE006ABE
:1037E00077EEA67A27EE277AD0E709487047034894
:1037F000704700BF0044025800093D000090D0030C
:103800000024744A000000390024744C20BCBE4BD4
:1038100040787D01002800F0328170B50D460446E5
:103820009B4B1B6803F00F038B420BD2984A136823
:1038300023F00F030B431360136803F00F038B4255
:1038400040F01F81236813F0040F0CD02269914BC4
:103850009B6903F070039A4205D98E498B6923F066
:1038600070031A438A61236813F0080F0CD0626951
:10387000884BDB6903F070039A4205D98549CB690F
:1038800023F070031A43CA61236813F0100F0CD0A1
:10389000A269804BDB6903F4E0639A4205D97D4954
:1038A000CB6923F4E0631A43CA61236813F0200F45
:1038B0000CD0E269774B1B6A03F070039A4205D97A
:1038C00074490B6A23F070031A430A62236813F0E9
:1038D000020F0CD0E2686F4B9B6903F00F039A4212
:1038E00005D96C498B6923F00F031A438A61236859
:1038F00013F0010F41D0674A936923F47063A16804
:103900000B4393616368022B0AD0032B27D0012B52
:103910002CD0604A126812F0040F06D10120ADE0ED
:10392000126812F4003F00F0AE805A490A6922F092
:10393000070213430B61FEF7FBFA0646554B1B6962
:1039400003F038036268B3EBC20F16D0FEF7F0FA4B
:10395000801B41F288339842F0D903208EE04D4A13
:10396000126812F0007FE0D1012087E0494A126816
:1039700012F4807FD9D1012080E0236813F0020F78
:103980000CD0E268434B9B6903F00F039A4205D2C7
:1039900040498B6923F00F031A438A613C4B1B6833
:1039A00003F00F03AB420AD9394A136823F00F031F
:1039B0002B431360136803F00F03AB4265D12368F8
:1039C00013F0040F0CD02269324B9B6903F0700393
:1039D0009A4205D22F498B6923F070031A438A61FA
:1039E000236813F0080F0CD062692A4BDB6903F0DF
:1039F00070039A4205D22749CB6923F070031A431A
:103A0000CA61236813F0100F0CD0A269214BDB6947
:103A100003F4E0639A4205D21E49CB6923F4E063C4
:103A20001A43CA61236813F0200F0CD0E269194BC6
:103A30001B6A03F070039A4205D216490B6A23F001
:103A400070031A430A62FFF7EBFD12498B69C3F357
:103A50000323114AD35C03F01F03D8408B6903F0A2
:103A60000F03D35C03F01F0320FA03F30B4A136028
:103A70000B4B18600B4B1868FEF732F870BD012035
:103A800070470120FAE70120F8E70120F6E700BFC0
:103A90000020005200440258B02E01080400002407
:103AA000000000240C00002408B5FFF7B9FD0B4A04
:103AB0009369C3F303230A49CB5C03F01F0320FA85
:103AC00003F3926902F00F02885C00F01F0023FAF2
:103AD00000F0044A1060044A136008BD0044025814
:103AE000B02E0108040000240000002408B5FFF7F0
:103AF000DBFF054BDB69C3F30213044AD35C03F01D
:103B00001F03D84008BD00BF00440258B02E010872
:103B100008B5FFF7C9FF054BDB69C3F30223044A6D
:103B2000D35C03F01F03D84008BD00BF0044025817
:103B3000B02E01083F230360114B1A6902F00702FF
:103B400042609A6902F4706282609A6902F00F0220
:103B5000C2609A6902F070020261DA6902F07002D2
:103B60004261DA6902F4E06282611B6A03F0700369
:103B7000C361044B1B6803F00F030B60704700BF69
:103B80000044025800200052404B9B6A03F003039C
:103B9000032B79D070B505460E463C4A136823F0D6
:103BA00080631360FEF7C4F90446384B1B6813F0BA
:103BB000006F06D0FEF7BCF9031B022BF5D90320DA
:103BC00070BD324B9A6A22F47C32296842EA013293
:103BD0009A626A68013AC2F30802A9680139490287
:103BE00089B20A43E9680139090401F4FE010A4374
:103BF00029690139090601F0FE410A439A63DA6A2C
:103C000022F0C00269690A43DA62DA6A22F020020D
:103C1000A9690A43DA62DA6A22F01002DA62D96B21
:103C20001B4A0A40E96942EAC102DA63DA6A42F0F1
:103C30001002DA62C6B91A46DB6A43F40023D36283
:103C4000124A136843F080631360FEF771F904466B
:103C50000E4B1B6813F0006F14D1FEF769F9001BBF
:103C60000228F5D90320ABE7012E05D0074AD36A15
:103C700043F40013D362E3E7044AD36A43F48013A6
:103C8000D362DDE700209BE7012070470044025823
:103C90000700FFFF404B9B6A03F00303032B79D01F
:103CA00070B505460E463C4A136823F080531360F6
:103CB000FEF73EF90446384B1B6813F0005F06D050
:103CC000FEF736F9031B022BF5D9032070BD324BEA
:103CD0009A6A22F07C72296842EA01529A626A6802
:103CE000013AC2F30802A9680139490289B20A43BC
:103CF000E9680139090401F4FE010A43296901391F
:103D0000090601F0FE410A431A64DA6A22F44062AD
:103D100069690A43DA62DA6A22F40072A9690A431D
:103D2000DA62DA6A22F48072DA62596C1B4A0A405B
:103D3000E96942EAC1025A64DA6A42F48072DA62DC
:103D4000C6B91A46DB6A43F48003D362124A136889
:103D500043F080531360FEF7EBF804460E4B1B68EC
:103D600013F0005F14D1FEF7E3F8001B0228F5D929
:103D70000320ABE7012E05D0074AD36A43F08073D6
:103D8000D362E3E7044AD36A43F40003D362DDE776
:103D900000209BE701207047004402580700FFFF06
:103DA000F8B50446036813F0006F30D0436EB3F5E6
:103DB000001F26D00ED8EBB1B3F5801F07D102212A
:103DC0000830FFF7E1FE054645B12E4621E0012609
:103DD00035461EE0B3F5401F09D100259F4A136DFB
:103DE00023F44013616E0B431365002611E0012696
:103DF00035460EE0994AD36A43F40033D362002576
:103E0000ECE702212830FFF745FF0546DCE70026F6
:103E10003546236813F4807F27D0A36D042B20D868
:103E2000DFE803F00311180808008C4AD36A43F452
:103E30000033D362C5B9894A136D23F00703A16D1E
:103E40000B43136511E0002104F10800FFF79CFE0D
:103E50000546EFE7002104F12800FFF71BFF0546A8
:103E6000E8E70126354600E02E46236813F4806F0C
:103E700022D0D4F8A430B3F5800F3FD00DD8BBB317
:103E8000B3F5001F06D1002104F10800FFF77CFE06
:103E9000054608E0012635460EE0B3F5000F02D0D6
:103EA000B3F5200F1ED185BB6C4A936D23F46003DC
:103EB000D4F8A4100B439365236813F4006F39D032
:103EC000D4F8A830B3F1007F5AD023D8002B51D0BA
:103ED000B3F1807F1BD1002104F10800FFF754FEED
:103EE00005461DE0B3F5C00FDDD001263546E3E7FA
:103EF0005A4AD36A43F40033D362D4E7002104F171
:103F00002800FFF7C7FE0546CDE72E46D4E7012679
:103F100035460FE0B3F1806F02D0B3F1A06F23D12B
:103F2000002D34D14D4A936D23F0E063D4F8A810EE
:103F30000B439365236813F0007F31D0E36C202B93
:103F400042D029D833B1102B23D1444AD36A43F449
:103F50000033D362002D3ED1404AD36C23F03003AE
:103F6000E16C0B43D3641BE0B3F1407FD8D0012652
:103F70003546DFE7394AD36A43F40033D362CFE7EB
:103F8000002104F12800FFF785FE0546C8E72E460C
:103F9000D0E70126354603E0302BDBD0012635463D
:103FA000236813F4805F3BD0E36DB3F5005F2FD03F
:103FB00016D83BB3B3F5805F0FD1002104F10800A0
:103FC000FFF7E2FD054611E0022104F10800FFF7CA
:103FD000DBFD0546BEE72E46E2E7012635461FE03B
:103FE000B3F5405F02D0B3F5804F08D1BDB91B4A8D
:103FF000136D23F4E043E16D0B43136510E00126DC
:1040000035460DE0154AD36A43F40033D362EDE739
:10401000002104F12800FFF73DFE0546E6E72E46A5
:10402000236813F4005F29D0236EB3F5003F44D01A
:1040300019D843B1B3F5803F12D1012104F1080032
:10404000FFF7A2FD0546002D3ED1044A136D23F46F
:10405000E023216E0B43136510E000BF00440258BB
:10406000012635460AE0B3F5802FECD0B3F5A02F3A
:10407000E9D0B3F5403FE6D001263546236813F476
:10408000804F31D0D4F8AC30B3F1005F45D020D8A8
:1040900043B1B3F1805F19D1012104F10800FFF7AA
:1040A00073FD0546002D3FD18F4A936D23F0E04309
:1040B000D4F8AC100B43936516E0012104F12800FD
:1040C000FFF7E8FD0546BEE72E46D7E70126354651
:1040D0000AE0B3F1804FE5D0B3F1A04FE2D0B3F1E5
:1040E000405FDFD001263546236813F4004F09D026
:1040F000E36EB3F1805F19D0B3F1005F24D0D3B188
:1041000001263546236813F0807F33D0A36C032B40
:104110005BD8DFE803F027225327012104F12800B0
:10412000FFF7B8FD0546BDE72E46DDE76E4AD36AC8
:1041300043F40033D36275B96B4A136D23F04053D7
:10414000E16E0B431365DDE7012104F10800FFF781
:104150001BFD0546EFE72E46D4E7634AD36A43F4D6
:104160000033D362A5BB604AD36C23F00303A16C78
:104170000B43D364236813F4800F2BD1236813F00F
:10418000010F00F0A380A36F282B00F29D80DFE8D1
:1041900003F08B9B9B9B9B9B9B9B859B9B9B9B9BD8
:1041A0009B9B949B9B9B9B9B9B9B8B9B9B9B9B9B76
:1041B0009B9B8B9B9B9B9B9B9B9B8B00022104F15E
:1041C0000800FFF7E1FC0546CCE701263546D1E7BC
:1041D0002E46CFE7454A136843F480731360FDF71A
:1041E000A7FE0746414B1B6813F4807F05D1FDF7FE
:1041F0009FFEC01B6428F5D90325002D4AD13A4BF8
:104200001B6FD4F8B020534013F4407F0CD0364BD2
:104210001A6F22F44072196F41F480311967196FD7
:1042200021F4803119671A67D4F8B030B3F5807F74
:1042300015D08DBBD4F8B03003F44072B2F5407F96
:104240001ED0294A136923F47C53136126490B6F4E
:10425000D4F8B020C2F30B0213430B678EE7FDF7CF
:1042600067FE0746204B1B6F13F0020FE1D1FDF7ED
:104270005FFEC01B41F288339842F3D90325D8E78B
:104280001948026922F47C52194901EA13131343B5
:104290000361DBE72E4671E72E466FE7012104F14B
:1042A0000800FFF771FC0546E5B90F4A536D23F08E
:1042B0003803A16F0B43536508E0012104F1280086
:1042C000FFF7E8FC0546EFE701263546236813F0C3
:1042D000020F1DD0636F052B2ED8DFE803F0110B02
:1042E000261111112E46F1E70044025800480258E9
:1042F000CFFFFF00012104F10800FFF745FC054650
:10430000EDB9A94A536D23F00703616F0B43536561
:10431000236813F0040F23D0D4F89030052B45D830
:10432000DFE803F0150F3D151515012104F12800F4
:10433000FFF7B0FC0546E3E701263546E8E72E46E1
:10434000E6E7012104F10800FFF71EFC054685BBE6
:10435000954A936D23F00703D4F890100B439365AF
:10436000236813F0200F34D0D4F88C30B3F1005F01
:104370004ED023D843B1B3F1805F1CD1002104F1AA
:104380000800FFF701FC0546002D48D1864A536D11
:1043900023F0E043D4F88C100B43536519E001215E
:1043A00004F12800FFF776FC0546D0E701263546E4
:1043B000D6E72E46D4E7012635460AE0B3F1804F12
:1043C000E2D0B3F1A04FDFD0B3F1405FDCD00126E3
:1043D0003546236813F0400F31D0D4F89830B3F548
:1043E000006F4DD020D843B1B3F5806F19D10021B3
:1043F00004F10800FFF7C8FB0546002D47D16A4AC3
:10440000936D23F4E053D4F898100B43936516E0B2
:10441000022104F12800FFF73DFC0546B4E72E46D3
:10442000D7E7012635460AE0B3F5805FE5D0B3F55E
:10443000A05FE2D0B3F5406FDFD001263546236898
:1044400013F0800F33D0D4F89C30B3F5804F00F0D8
:10445000A18021D843B1B3F5005F1AD1002104F146
:104460000800FFF791FB0546002D40F09A804E4A68
:10447000936D23F46043D4F89C100B43936516E0CE
:10448000022104F12800FFF705FC0546B5E72E469A
:10449000D5E7012635460AE0B3F5004FE4D0B3F581
:1044A000204FE1D0B3F5C04FDED00126354623685A
:1044B00013F0080F0CD0D4F88030B3F5805F75D0BE
:1044C000394A536D23F44053D4F880100B4353659D
:1044D000236813F0100F0CD0D4F89430B3F5807F1C
:1044E0006DD0314A936D23F44073D4F894100B438C
:1044F0009365236813F4002F0BD0D4F8A030B3F5E4
:10450000803F75D0B3F5003F68D0002B60D0012606
:104510003546236813F4802F0CD0D4F88430B3F5DB
:10452000001F7DD0B3F5401F70D0B3F5801F68D059
:1045300001263546236813F4803F08D0236D002BF5
:1045400077D0B3F5803F00F082800126354623689E
:1045500013F0005F40F08480236813F4003F00F004
:104560008C80E36FB3F5807F00F0DF8040F28280C3
:10457000B3F5007F03D0B3F5407F40F0D480002D29
:1045800040F0D980084A536D23F44073E16F0B4328
:10459000536572E0022104F12800FFF77BFB05461A
:1045A00062E72E4683E700BF00440258022104F16F
:1045B0002800FFF76FFB002882D0012680E7022148
:1045C00004F12800FFF766FB00288AD0012688E75F
:1045D000002104F10800FFF7D7FA05467DB9724AB9
:1045E000936D23F44033D4F8A0100B43936590E708
:1045F000022104F12800FFF74DFB0546EEE72E46A9
:1046000087E7694AD36A43F40033D3627DB9664AC7
:10461000536D23F44013D4F884100B43536589E79A
:10462000012104F12800FFF735FB0546EEE72E4691
:1046300080E75D4AD36A43F40033D36275B95A4ABE
:10464000D36C23F48033216D0B43D3647FE70221C5
:1046500004F10800FFF798FA0546EFE72E4676E7E3
:10466000022104F12800FFF715FB00283FF474AF86
:10467000012671E7002B82D00126236813F4801FE6
:1046800006D0494A136D23F00043216F0B43136595
:10469000236813F4001F06D0434A136D23F0807380
:1046A000A16E0B431365236813F0804F09D03E4B76
:1046B0001A6922F400421A611A69D4F8B4100A4344
:1046C0001A612368002B06DA374AD36C23F0405373
:1046D000616D0B43D364236813F4000F07D0324A93
:1046E000536D23F44003D4F888100B43536563687B
:1046F00013F0010F21D1636813F0020F26D1636814
:1047000013F0040F2BD1636813F0080F30D16368E6
:1047100013F0100F35D1636813F0200F3AD106B1B2
:1047200001263046F8BD0126A7E71F4AD36A43F4A5
:104730000033D36223E72E469FE7002104F10800EF
:10474000FFF722FA0028D6D00646D4E7012104F16B
:104750000800FFF719FA0028D1D00646CFE702215A
:1047600004F10800FFF710FA0028CCD00646CAE78B
:10477000002104F12800FFF78DFA0028C7D0064673
:10478000C5E7012104F12800FFF784FA0028C2D010
:104790000646C0E7022104F12800FFF77BFA002853
:1047A000BDD00646BBE700BF0044025808B5FFF77E
:1047B0007BF9054B1B6AC3F30213044AD35C03F075
:1047C0001F03D84008BD00BF00440258B02E0108A6
:1047D00010B5774A916A946AC4F3053ED36AC3F36D
:1047E000001CD36BC3F3CC030CFB03F314F47C3F2A
:1047F00000F0D88001F0030107EE903AF8EE677AF6
:10480000012965D0022900F0B080E1B107EE10EA7D
:10481000B8EE477A9FED676AC6EE076A644B9B6BFA
:10482000C3F3080307EE103AB8EE477A9FED626AC9
:1048300067EE867A77EE277AB7EE007A77EE877A98
:1048400066EEA76A60E0136813F0200F23D01146CC
:104850001268C2F3C102594BD34007EE103AB8EECA
:10486000477A06EE90EAB8EE666AC7EE066A8B6B88
:10487000C3F3080307EE103AB8EE477A9FED4E6A8D
:1048800067EE867A77EE277AB7EE007A77EE877A48
:1048900066EEA76A38E007EE10EAB8EE477A9FEDB9
:1048A000486AC6EE076A424B9B6BC3F3080307EEE8
:1048B000103AB8EE477A9FED406A67EE867A77EE57
:1048C000277AB7EE007A77EE877A66EEA76A1BE062
:1048D00007EE10EAB8EE477A9FED366AC6EE076A31
:1048E000334B9B6BC3F3080307EE103AB8EE477ADD
:1048F0009FED316A67EE867A77EE277AB7EE007A17
:1049000077EE877A66EEA76A294A936BC3F346234C
:1049100007EE103AB8EE477AB7EE006A37EE067A3D
:10492000C6EE877AFCEEE77AC0ED007A936BC3F3AC
:10493000064307EE103AB8EE477A37EE067AC6EE2F
:10494000877AFCEEE77AC0ED017A936BC3F30663D6
:1049500007EE903AF8EE677A77EE867A86EEA77AD7
:10496000BCEEC77A80ED027A10BD07EE10EAB8EE11
:10497000477A9FED146AC6EE076A0D4B9B6BC3F333
:10498000080307EE103AB8EE477A9FED0B6A67EE20
:10499000867A77EE277AB7EE007A77EE877A66EE38
:1049A000A76AB1E70023036043608360DCE700BFD0
:1049B000004402580024744A000000390090D003DB
:1049C0000024744C20BCBE4B10B5774A916A946A9F
:1049D000C4F3055ED36AC3F3002C536CC3F3CC035A
:1049E0000CFB03F314F07C7F00F0D88001F003018E
:1049F00007EE903AF8EE677A012965D0022900F0B7
:104A0000B080E1B107EE10EAB8EE477A9FED676A31
:104A1000C6EE076A644B1B6CC3F3080307EE103A3B
:104A2000B8EE477A9FED626A67EE867A77EE277A6C
:104A3000B7EE007A77EE877A66EEA76A60E01368D1
:104A400013F0200F23D011461268C2F3C102594B54
:104A5000D34007EE103AB8EE477A06EE90EAB8EE89
:104A6000666AC7EE066A0B6CC3F3080307EE103ADA
:104A7000B8EE477A9FED4E6A67EE867A77EE277A30
:104A8000B7EE007A77EE877A66EEA76A38E007EE2F
:104A900010EAB8EE477A9FED486AC6EE076A424BC5
:104AA0001B6CC3F3080307EE103AB8EE477A9FED8C
:104AB000406A67EE867A77EE277AB7EE007A77EE6D
:104AC000877A66EEA76A1BE007EE10EAB8EE477A2F
:104AD0009FED366AC6EE076A334B1B6CC3F30803BF
:104AE00007EE103AB8EE477A9FED316A67EE867AA4
:104AF00077EE277AB7EE007A77EE877A66EEA76AC6
:104B0000294A136CC3F3462307EE103AB8EE477AEE
:104B1000B7EE006A37EE067AC6EE877AFCEEE77AE1
:104B2000C0ED007A136CC3F3064307EE103AB8EEFB
:104B3000477A37EE067AC6EE877AFCEEE77AC0ED62
:104B4000017A136CC3F3066307EE903AF8EE677AC6
:104B500077EE867A86EEA77ABCEEC77A80ED027A87
:104B600010BD07EE10EAB8EE477A9FED146AC6EE64
:104B7000076A0D4B1B6CC3F3080307EE103AB8EE3F
:104B8000477A9FED0B6A67EE867A77EE277AB7EE63
:104B9000007A77EE877A66EEA76AB1E700230360B2
:104BA00043608360DCE700BF004402580024744A7D
:104BB000000000390090D0030024744C20BCBE4B90
:104BC00010B4036A046A24F001040462846924F0C6
:104BD000F00C4CEA021223F00A030B4382610362D9
:104BE0005DF8044B704710B4046A24F010040462AA
:104BF0008469036A24F4704C4CEA023223F0A00367
:104C000043EA0113826103625DF8044B70470000C0
:104C10008268034B13400B4343F0070383607047E4
:104C20008FFFCFFF90F83D30DBB2012B42D1022342
:104C300080F83D300268D36843F00103D360036815
:104C40001E4AB3F1804F18BF934225D0A2F57C4293
:104C5000934221D002F5806293421DD002F580621A
:104C6000934219D002F57842934215D0A2F56C42D6
:104C7000934211D002F5943293420DD0A2F5C04276
:104C8000934209D002F58062934205D01A6842F03F
:104C900001021A60002070479968094A0A40062AF2
:104CA00018BFB2F5803F07D01A6842F001021A60BF
:104CB000002070470120704700207047000001402D
:104CC00007000100704770477047704710B50446F1
:104CD00003681A6912F0020F11D0DA6812F0020F9D
:104CE0000DD06FF002021A610123037703689B69FC
:104CF00013F0030F79D0FFF7E6FF00232377236833
:104D00001A6912F0040F12D0DA6812F0040F0ED0F4
:104D10006FF004021A610223237723689B6913F45E
:104D2000407F68D02046FFF7CEFF0023237723681B
:104D30001A6912F0080F12D0DA6812F0080F0ED0BC
:104D40006FF008021A61042323772368DB6913F0EC
:104D5000030F57D02046FFF7B6FF002323772368C1
:104D60001A6912F0100F12D0DA6812F0100F0ED07C
:104D70006FF010021A61082323772368DB6913F4AC
:104D8000407F46D02046FFF79EFF0023237723680D
:104D90001A6912F0010F03D0DA6812F0010F3FD147
:104DA00023681A6912F0800F03D0DA6812F0800FBE
:104DB0003DD123681A6912F4807F03D0DA6812F0BB
:104DC000800F3BD123681A6912F0400F03D0DA68D4
:104DD00012F0400F39D123681A6912F0200F03D066
:104DE000DA6812F0200F37D110BDFFF76BFF2046B5
:104DF000FFF76AFF81E72046FFF764FF2046FFF7D1
:104E000063FF92E72046FFF75DFF2046FFF75CFF58
:104E1000A3E72046FFF756FF2046FFF755FFB4E70C
:104E20006FF001021A612046FCF7D0FBB8E76FF083
:104E300080021A61204600F0DAF9BAE76FF4807256
:104E40001A61204600F0D4F9BCE76FF040021A6105
:104E50002046FFF73AFFBEE76FF020021A612046B6
:104E600000F0C4F9C0E7000030B503683E4A904244
:104E700014BF4FF0000E4FF0010EB0F1804F14BF81
:104E800072464EF00102AAB9384CA04214BF002469
:104E90000124374DA8420DD064B904F1804404F5D3
:104EA0008234A04214BF0024012405F50065A84205
:104EB00000D01CB123F070034C68234362BB2B4A23
:104EC000904214BF00220122294CA04224D01ABBD8
:104ED00002F1804202F58232904214BF0022012288
:104EE00004F50064A04217D0B2B9224A904214BF20
:104EF0000022012204F59A34A0420DD062B91E4A64
:104F0000904214BF0022012204F50064A04203D0A5
:104F100012B91A4A904204D123F4407CCB6843EA88
:104F20000C0323F080034A69134303608A68C2625A
:104F30000A688262124A904214BF73464EF001031F
:104F400063B90C4B984214BF0023012302F5705241
:104F5000904203D013B90B4B984201D10B69036304
:104F60000123436130BD00BF000001400008004044
:104F7000000400400044014000E0004000E4004024
:104F8000000401400048014060B310B5044690F8A9
:104F90003D3013B3022384F83D30214651F8040B11
:104FA000FFF762FF012384F8483084F83E3084F82C
:104FB0003F3084F8403084F8413084F8423084F83F
:104FC000433084F8443084F8453084F8463084F81F
:104FD000473084F83D30002010BD80F83C30FCF7AD
:104FE000A1FED7E70120704710B4846824F47F4CF9
:104FF00042EA03220A4342EA0C0282605DF8044B53
:105000007047000090F83C30012B00F08F8010B505
:105010000446012380F83C30022380F83D300268CA
:105020009068434B034093600B68702B55D031D888
:10503000502B6CD00CD9602B2AD1CA6849682068E3
:10504000FFF7D1FD60212068FFF7E2FD002035E089
:10505000402B0AD1CA6849682068FFF7B1FD40219A
:105060002068FFF7D5FD002028E05BD8202B07D073
:1050700003D9302B04D0012020E00BB1102B05D137
:1050800019462068FFF7C4FD002017E0012015E055
:10509000012013E0B3F5005F2CD00BD9254A9342D1
:1050A000EED012D9244A9342EAD010329342E7D08C
:1050B000012003E0B3F5805F36D10020012384F89E
:1050C0003D30002384F83C3010BDB3F5801FD7D0AD
:1050D000B3F1101FD4D00120F0E7CB684A6889688B
:1050E0002068FFF781FF2268936843F0770393609D
:1050F0000020E3E7CB684A6889682068FFF774FFFF
:105100002268936843F4804393600020D6E7CA681E
:1051100049682068FFF754FD50212068FFF778FDAB
:105120000020CBE70120C9E70120C7E70220704734
:105130008800CEFF200010003000100090F83C30B6
:10514000012B4DD070B4012380F83C30022380F84D
:105150003D3003685A689C68224E234DAB4218BF0D
:10516000B34203D122F470024D682A4322F0700248
:105170000D682A435A6003681A4AB3F1804F18BF7A
:1051800093421FD0A2F57C4293421BD002F580626D
:10519000934217D002F58062934213D002F5784211
:1051A00093420FD0A2F56C4293420BD002F5943299
:1051B000934207D0A2F5C042934203D002F5806229
:1051C000934204D124F080048A6814439C60012334
:1051D00080F83D30002380F83C30184670BC7047A2
:1051E00002207047000001400004014070477047F2
:1051F00070470000026852E8003F23F4907342E8D1
:1052000000310029F6D1026802F1080353E8001FBB
:105210000D4B0B40083242E800310029F3D1C36E38
:10522000012B06D02023C0F88C300023C3664367CF
:105230007047026852E8003F23F0100342E8003153
:105240000029F6D1EEE700BFFEFFFFEF70B586B094
:105250000446016883680269134342691343C269C3
:1052600013430868904A024013430B602268536856
:1052700023F44053E1680B435360A16922688B4BD0
:105280009A4201D0236A19439068894B03400B432B
:1052900093602268D36A23F00F03616A0B43D362E1
:1052A0002268844B9A4229D0834B9A4200F0948022
:1052B000824B9A4200F0AA80814B9A4200F0C08053
:1052C000804B9A4200F0D6807F4B9A4200F00881D2
:1052D0007E4B9A4200F02D817D4B9A4200F0408136
:1052E0007C4B9A4200F053817B4B9A4200F07881CC
:1052F0006E4B9A4200F09D81802333E0774B5B6DCB
:1053000003F03803282B65D8DFE813F02900640088
:10531000640064006400640064006400AB01640025
:105320006400640064006400640064002B00640096
:105330006400640064006400640064005E00640053
:105340006400640064006400640064006000640041
:10535000640064006400640064006400620001236F
:1053600000E0082351498A4200F09481E069B0F5D9
:10537000004F00F00A82202B00F26282202B00F204
:10538000AC82DFE813F079027F02AA02AA0282024D
:10539000AA02AA02AA028702AA02AA02AA02AA02D0
:1053A000AA02AA02AA028C02AA02AA02AA02AA02BB
:1053B000AA02AA02AA02AA02AA02AA02AA02AA028D
:1053C000AA02AA02AA0298021023CBE72023C9E767
:1053D0004023C7E78023C5E7404B5B6D03F007031D
:1053E000052B11D8DFE813F006003F0108000A0082
:1053F0000C000E000023B5E70823B3E71023B1E744
:105400002023AFE74023ADE78023ABE7334B5B6D51
:1054100003F00703052B11D8DFE813F0060027017E
:1054200008000A000C000E0000239BE7082399E700
:10543000102397E7202395E7402393E7802391E704
:10544000264B5B6D03F00703052B11D8DFE813F043
:1054500006000F0108000A000C000E00002381E77F
:1054600008237FE710237DE720237BE7402379E7AC
:10547000802377E7194B5B6D03F00703052B11D8E9
:10548000DFE813F00600F70008000A000C000E0029
:10549000002367E7082365E7102363E7202361E71C
:1054A00040235FE780235DE7F369FFCF000C0058DE
:1054B000FFF4FF110010014000440040004800408C
:1054C000004C0040005000400014014000780040B3
:1054D000007C004000180140001C014000440258BC
:1054E000694B5B6D03F03803282B20D8DFE803F00D
:1054F000151F1F1F1F1F1F1FC31F1F1F1F1F1F1F22
:10550000171F1F1F1F1F1F1F191F1F1F1F1F1F1FB9
:105510001B1F1F1F1F1F1F1F1D00012322E7082322
:1055200020E710231EE720231CE740231AE78023EF
:1055300018E7554B5B6D03F00703052B0ED8DFE82A
:1055400003F0039C0507090B00230BE7082309E779
:10555000102307E7202305E7402303E7802301E723
:10556000494B5B6D03F00703052B0ED8DFE803F012
:1055700003870507090B0023F4E60823F2E610234E
:10558000F0E62023EEE64023ECE68023EAE63E4BFD
:105590005B6D03F03803282B20D8DFE803F0151FDC
:1055A0001F1F1F1F1F1F721F1F1F1F1F1F1F171FC0
:1055B0001F1F1F1F1F1F191F1F1F1F1F1F1F1B1F05
:1055C0001F1F1F1F1F1F1D000123CBE60823C9E655
:1055D0001023C7E62023C5E64023C3E68023C1E6A7
:1055E000294B5B6D03F03803282B20D8DFE803F04C
:1055F000151F1F1F1F1F1F1F4E1F1F1F1F1F1F1F96
:10560000171F1F1F1F1F1F1F191F1F1F1F1F1F1FB8
:105610001B1F1F1F1F1F1F1F1D000123A2E60823A2
:10562000A0E610239EE620239CE640239AE68023F2
:1056300098E603F50E339B6D03F00703052B0ED898
:10564000DFE803F003260507090B02238AE6082397
:1056500088E6102386E6202384E6402382E6802322
:1056600080E604237EE604237CE604237AE6042312
:1056700078E6042376E6042374E6042372E6042322
:1056800070E604236EE600BF00440258042369E676
:10569000042367E6202B27D8022BC0F01081023BA1
:1056A0001E2B00F20E81DFE813F050000C015600B3
:1056B0000C010C010C015B000C010C010C010C0134
:1056C0000C010C010C0160000C010C010C010C011F
:1056D0000C010C010C010C010C010C010C010C0162
:1056E0000C010C010C016C00402B2CD14FF400403C
:1056F000626A804B33F81220B0FBF2F3656805EB69
:105700004501994200F2DF80B3EB053F00F2DD80F6
:10571000002633463146FAF713FE090241EA1061CA
:1057200000026B08C0182A46334641F10001FAF71F
:1057300007FEA0F54072704B9A4200F2C8802368C1
:10574000D8603046CAE00120C8E0FFF72FF80028F3
:10575000CED10020C2E003A8FFF73AF80498F6E79C
:105760006846FFF731F90198F1E7644B1B6813F0C5
:10577000200F08D0614B1B68C3F3C1036048D840B9
:10578000E5E76048B4E75E48B2E7202B15D8202B48
:1057900000F29F80DFE803F031379D9D3A9D9D9D8B
:1057A0003F9D9D9D9D9D9D9D449D9D9D9D9D9D9DE0
:1057B0009D9D9D9D9D9D9D9D5000402B1BD1626A8E
:1057C0004C4B33F81230B0FBF3F06268530803EB34
:1057D0004000B0FBF2F0A0F110024FF6EF739A42D6
:1057E00079D883B223F00F03C0F342001843236833
:1057F000D860002072E0012070E0FEF777F9002801
:10580000DDD100206AE0FEF783F9F8E703A8FEF790
:10581000DFFF0498F3E76846FFF7D6F80198EEE754
:10582000364B1B6813F0200F08D0344B1B68C3F3B2
:10583000C1033348D840E2E73248C0E73048BEE70A
:10584000402B17D14FF40040626A2A4B33F81230D4
:10585000B0FBF3F0636800EB5300B0FBF3F0A0F192
:1058600010024FF6EF739A4242D8236880B2D86094
:10587000002033E0012031E0FEF738F90028E3D1C1
:1058800000202BE0FEF744F9F8E703A8FEF7A0FF9D
:105890000498F3E76846FFF797F80198EEE7174B8F
:1058A0001B6813F0200F08D0144B1B68C3F3C1030F
:1058B0001348D840E2E71348C6E71148C4E701207F
:1058C0000CE001200AE0012008E0012006E00120B0
:1058D00004E0012002E0012000E001200123A4F8FF
:1058E0006A30A4F8683000236367A36706B070BD10
:1058F0000120F3E7C02E0108FFFC0F00004402580E
:105900000090D00300093D00836A13F0010F06D018
:105910000268536823F40033C16A0B435360836AFF
:1059200013F0020F06D00268536823F48033016B32
:105930000B435360836A13F0040F06D00268536868
:1059400023F48023416B0B435360836A13F0080FE9
:1059500006D00268536823F40043816B0B43536005
:10596000836A13F0100F06D00268936823F4805303
:10597000C16B0B439360836A13F0200F06D002685B
:10598000936823F40053016C0B439360836A13F014
:10599000400F0AD00268536823F48013416C0B4314
:1059A0005360436CB3F5801F0BD0836A13F0800FF4
:1059B00006D00268536823F40023C16C0B43536084
:1059C00070470268536823F4C003816C0B43536033
:1059D000EBE72DE9F84305460F4616469946DDF8F4
:1059E00020802C68E46937EA04030CBF4FF0010CF7
:1059F0004FF0000CB44532D1B8F1FF3FF1D0FCF7C5
:105A000097FAA0EB090040452CD8B8F1000F2BD035
:105A10002B681A6812F0040FE3D0DA6912F0080F4D
:105A200011D1DA6912F4006FDBD04FF400621A6210
:105A30002846FFF7DFFB2023C5F89030002385F8C8
:105A4000843003200CE008241C622846FFF7D2FBB8
:105A5000C5F89040002385F88430012000E0002044
:105A6000BDE8F8830320FBE70320F9E72DE9F041C7
:105A700082B01E46D0F88830202B5BD104460D46FC
:105A80009046002A18BF002901D1012053E00023CD
:105A9000C0F890302123C0F88830FCF749FA074657
:105AA000A4F85480A4F85680A368B3F5805F02D0B0
:105AB0004FF0000816E0236943B34FF0000811E0EF
:105AC0002023C4F88830032035E038F8023B2268F0
:105AD000C3F308039362B4F8562092B2013A92B22B
:105AE000A4F85620B4F856309BB293B100963B46CA
:105AF000002280212046FFF76CFF0028E0D1002D16
:105B0000E3D015F8012B23689A62E4E7A846002544
:105B1000E8E700963B46002240212046FFF759FF68
:105B200018B92023C4F8883005E02023C4F8883051
:105B3000032000E0022002B0BDE8F0812DE9F0432F
:105B400083B01E46D0F88C30202B7ED104460D4603
:105B50009046002A18BF002901D1012076E00023D9
:105B6000C0F890302222C0F88C20C366FCF7E0F920
:105B70000746A4F85C80A4F85E80A368B3F5805F54
:105B800006D0A3B9226972B9FF22A4F8602014E0FC
:105B9000226922B940F2FF12A4F860200DE0FF2232
:105BA000A4F8602009E07F22A4F8602005E0B3F1AA
:105BB000805F0AD00022A4F86020B4F86080B3F5BA
:105BC000805F0CD04FF0000924E022691AB97F22CF
:105BD000A4F86020F1E73F22A4F86020EDE72369F4
:105BE00013B14FF0000915E0A946002512E020236B
:105BF000C4F88C30032029E023685A6A5FFA88F3DE
:105C0000134005F8013BB4F85E2092B2013A92B21B
:105C1000A4F85E20B4F85E309BB28BB100963B4690
:105C2000002220212046FFF7D4FE0028DFD1002DDE
:105C3000E2D123685B6A08EA030329F8023BE2E742
:105C40002023C4F88C30002000E0022003B0BDE81F
:105C5000F08330B583B004460023C0F89030FCF7E1
:105C600067F905462268126812F0080F10D1236800
:105C70001B6813F0040F28D12023C4F88830C4F81F
:105C80008C300020E066206784F8840003B030BDCB
:105C90006FF07E430093034600224FF4001120462C
:105CA000FFF797FE0028E2D0226852E8003F23F079
:105CB000800342E800310029F6D12023C4F888305F
:105CC000002384F884300320E0E76FF07E430093E4
:105CD0002B4600224FF480012046FFF77AFE002871
:105CE000CAD0226852E8003F23F4907342E80031A2
:105CF0000029F6D1226802F1080353E8003F23F09F
:105D00000103083242E800310029F3D12023C4F80E
:105D10008C30002384F884300320B7E778B310B5C3
:105D20000446D0F888300BB32423C4F888302268A6
:105D3000136823F0010313602046FFF787FA012858
:105D400013D0A36ABBB92268536823F4904353600D
:105D50002268936823F02A0393602268136843F053
:105D6000010313602046FFF774FF10BD80F88430F4
:105D7000FCF72EF8D8E72046FFF7C6FDE3E7012041
:105D800070470000436E2BB90123A0F86A30A0F8D9
:105D90006830704730B403689A68C2F34262996809
:105DA000490F094D6B5C1B01084C615C93FBF1F3DF
:105DB000A0F86A30AB5C1B01A25C93FBF2F3A0F885
:105DC000683030BC704700BFE02E0108D82E0108B3
:105DD00090F88430012B18D0012380F884302423DC
:105DE000C0F8883003681A68196821F00101196049
:105DF00022F000520023436601680A602022C0F8A6
:105E0000882080F88430184670470220704738B5E3
:105E100090F88430012B1DD00446012380F8843093
:105E20002423C0F8883003681D681A6822F0010234
:105E30001A600268936823F0604319439160FFF78A
:105E4000A1FF23681D602023C4F88830002084F857
:105E5000840038BD0220FCE738B590F88430012B6F
:105E60001DD00446012380F884302423C0F88830F4
:105E700003681D681A6822F001021A6002689368BC
:105E800023F0606319439160FFF77CFF23681D6076
:105E90002023C4F88830002084F8840038BD022014
:105EA000FCE7000038B50446094D00224FF40061BC
:105EB0002846FCF7E3FA2046FBF706FD04460122DC
:105EC0004FF400612846FCF7D9FA204638BD00BFE0
:105ED0000010025870B504460D46094E00224FF4DA
:105EE00000613046FCF7CAFA29462046FBF72CFD34
:105EF00001224FF400613046FCF7C0FA70BD00BFCC
:105F00000010025830B583B00546144600230193B3
:105F10008DF80410C1F307218DF805108DF80620C7
:105F2000C0238DF8073001994FF44170FFF7D2FF7D
:105F30004FF44170FFF7B6FF01900028F8DB4FF4F3
:105F40004070FFF7AFFF01900023A34208D203F196
:105F500008026A4412F8042CEA540133DBB2F4E775
:105F600003B030BD30B583B00D4614460023019315
:105F7000A34209D210F803C003F108026A4402F8F0
:105F800004CC0133DBB2F3E701994FF44070FFF723
:105F9000A1FF8DF80450C5F307258DF805508DF845
:105FA000064080238DF8073001994FF44170FFF7C8
:105FB00091FF4FF44170FFF775FF01900028F8DB67
:105FC00003B030BD70B594B005460E46144650225D
:105FD0000021684607F0B8F86B230293012303936E
:105FE0004FF4807307934FF48053089306954FF056
:105FF00040730E930F940823119341F2883269463F
:106000000948FCF7DDFB48B941F2883231460648C1
:10601000FCF784FC20B1FBF7E5FA01E0FBF7E2FABC
:10602000002014B070BD00BF5C10002402B970479E
:106030002DE9F04100AF04460D4616464FF0804171
:106040004FF44370FFF746FF4FF44370FFF72AFF0A
:10605000011EF9DB65F30F0166F31F414FF4427037
:10606000FFF738FF4FF000414FF44370FFF732FF66
:106070004FF44370FFF716FF10F0010FF8D0E84619
:10608000F31DDB08A8EBC3039D460D4D00224FF422
:1060900000612846FCF7F2F9324669460420FFF712
:1060A00091FF324669462046FAF7CCFA01224FF4B6
:1060B00000612846FCF7E2F9C546BD46BDE8F0811F
:1060C0000010025808B5B1F5805F02D3FFF7AEFFAC
:1060D00008BDD2B2FFF716FFFAE7000070B594B022
:1060E00005460E46144650220021684607F02CF85B
:1060F00062230293012303934FF4807307934FF4B9
:106100008053089306954FF040730E930F9441F21D
:10611000883269460848FCF753FB48B941F2883297
:1061200031460548FCF7ADFB20B1FBF75BFA01E017
:10613000FBF758FA14B070BD5C1000242DE9F84349
:1061400000AF054689461446D31DDB086A46A2EB1C
:10615000C30295466E46A2EBC3039D46E8464FF048
:1061600080414FF44570FFF7B5FE4FF44570FFF7DF
:1061700099FE011EF9DB69F30F0164F31F414FF42F
:106180004470FFF7A7FE4FF000414FF44570FFF752
:10619000A1FE4FF44570FFF785FE10F0010FF8D017
:1061A000224629464046FAF74DFADFF834800022AD
:1061B0004FF400614046FCF761F92246294630461B
:1061C000FAF740FA224631462020FFF787FF0122E6
:1061D0004FF400614046FCF751F9BD46BDE8F88335
:1061E0000010025808B5B1F5805F02D3FFF7A6FF93
:1061F00008BDD2B2FFF7B6FEFAE70000014B1868FF
:10620000704700BFF0110024002831D010B40446BC
:10621000194B1B6863B11A8901898A420ED82BB3C6
:106220001A89914226D013D35A68D2B11346F6E7A1
:10623000114B186000206060206006E000202060A4
:106240000D4B1A68626014601C605DF8044B704767
:106250001A68226063601A6802B154601C600020F2
:10626000F3E75C60236000206060EEE70120ECE76C
:10627000012070470120E8E7F01100240D4B1B6856
:1062800003E00C4B1A6070475B688BB11A8982423D
:10629000FAD119685A6801B14A6002B1116000214F
:1062A000196059601989034B1B681B899942E8D012
:1062B000704700BFF011002410B5064B1C6803E0C6
:1062C00020896468FFF7DAFF002CF9D1014B002226
:1062D0001A6010BDF011002410B50446002100E042
:1062E000283422894FF6FF739A4205D02046FFF7E3
:1062F0008BFF01460028F3D0084610BD08B5064BB9
:1063000000221A600548FFF7E7FF00B108BD044806
:10631000FFF7E2FFFAE700BFF0110024F0010024CC
:106320001000002408B51D4A4FF0200CA2F800C050
:10633000002353805360936044F21F0090811849FA
:10634000116153619383136282F84030154AA2F8B9
:1063500000C05380536093609081116153619383B7
:10636000136282F84030104A1370FFF7C7FF88B9F4
:1063700000230E4A13700E4A13700E4A13800E4A01
:1063800013700E4A13600E4A13600E4A13600E4AD1
:10639000136008BDFFF790FFEAE700BF2C17002449
:1063A000A0860100E8160024E3160024B417002498
:1063B00082170024AC170024B5170024B01700245E
:1063C000A817002498170024A017002410B582B045
:1063D000224B1C68002C29D0214B1B780093214BA9
:1063E0001B68214A12682149097821480088A04782
:1063F0000446FF281AD01F4B1B78022B23D017D836
:10640000012B04D100221146204604F059FA002342
:10641000184A1370164A1380144A1370124A1360F4
:10642000104A13600E4A13700C4A136002B010BD7C
:10643000033BDBB2012BEAD80A4B1A680A4B1968F6
:1064400004F03EFAE3E70C4B18680028DAD006F0B7
:1064500047FB094B00221A60D4E700BF98170024BD
:1064600082170024A8170024B0170024B5170024B1
:10647000AC170024B4170024A017002410B5064C54
:10648000204601F0D9FF054B1A88054B1988204694
:1064900002F026FA10BD00BF0012002444140024AC
:1064A0003C14002410B5064C064B1A88064B19887C
:1064B000204602F036F9204601F0DCFF10BD00BF97
:1064C00000130024461400243E1400241E4B1B78A5
:1064D00053B91E4B1B783BB11D4B9B8B012B04D03A
:1064E0001C4B1B78012B12D07047194A00235360B4
:1064F0009383194A53609383184A1380154B0122E2
:106500001A704FF080435A6A154B1A60704710B4E6
:106510004FF080435B6A11490888114A14681B1BBD
:106520004FF47A7404FB03F30E4C04FB0033084869
:1065300043600948436000230B801360054A1370D1
:106540005DF8044B704700BF2B1400243014002466
:106550002C170024FE130024E81600240414002441
:10656000FC11002440420F0008B50A4B00221A809B
:10657000094B1B781BB1094B5B88032B03D0084BDD
:1065800000221A8008BD074B1B88002BF7D1FFF7AC
:1065900075FFF4E71C1400242D140024E8160024D1
:1065A000121400241414002410B5704B1B7863B12E
:1065B0006F4B01221A706F4B00221A706D4B1978C5
:1065C0006B4B187802F07AF810BD6B4A13880133D0
:1065D0009BB21380642B18BF322B03D0962B01D0B3
:1065E000C82BEBD1654A127802F00F02013A072A54
:1065F00056D8DFE802F0044551495555554D604ADB
:10660000002111705E4A127812F0200F01D1C82BC0
:1066100014D112F01F0102D049000139C9B2594802
:106620000078824244D012F0800F3DD150490120C1
:10663000087055490120088052490A70534A12785F
:1066400012F0200F01D1C82B14D112F01F0102D07B
:1066500049000139C9B24E480078824259D012F03F
:10666000800F52D14349012008704A490120088017
:1066700047490A70C82BA1D13F4B00221A809DE7E1
:106680003F4A40211170BDE73D4A41211170B9E7F1
:106690003B4A01211170B5E7394A60211170B1E719
:1066A000374A00211170ADE7314900200870C0E77A
:1066B00012F0400F24D02E4C2078B0FA80F0400920
:1066C00020700029B8D0304C2088013080B2208062
:1066D0008CB2A042B0D912F0800F0BD1244C4FF0F5
:1066E000000C84F800C004318142A5DA264900205C
:1066F0000880A1E71E4C4FF0010C84F800C0F2E7BF
:1067000002F001011A48017096E71A49002008704A
:10671000ABE712F0400F24D0164C2078B0FA80F08E
:10672000400920700029A3D01A4C2088013080B283
:1067300020808CB2A0429BD912F0800F0BD10D4C5F
:106740004FF0000C84F800C00431814290DA114906
:10675000002008808CE7074C4FF0010C84F800C043
:10676000F2E702F001010348017081E72E140024D2
:1067700000140024FF130024021400243814002401
:106780005314002407140024F81100245214002488
:1067900006140024F611002408B50B4B5B681BB9E6
:1067A0000A4A138801331380094B1B783BB1094B0C
:1067B000B3F90030002B02DD013B064A1380FFF7DE
:1067C000F3FE01F0BDFB08BD2C17002404140024C7
:1067D0002F1400241014002408B501F06DFCFFF7FD
:1067E000A1FD0020044B1880044B1860044B187066
:1067F000044B01221A7008BD04140024FC1100246B
:10680000FE1300240114002408B501F055FE08BD54
:10681000314B1B7803B9704770B501F0D1FF0446C6
:1068200010F4806F18D02D4B1B782BB12C4B1B789C
:1068300013B12C4B00221A802B4B1B8D13B1013B43
:10684000294A1385FFF742FE284B01221A70284B74
:106850001B788BB1FFF726FE14F4006F02D0254B96
:106860001B88E3B1FFF7D0FFFFF708FE01F0A8FF98
:1068700010F4806F16D170BD1F4E204D022231885A
:10688000284601F04EFF31881A4B1B88194489B203
:106890000239022289B2284601F043FFDCE7FFF704
:1068A00015FEDFE7104A538D01339BB25385144A1E
:1068B0005385114D114C02222988204601F031FFE9
:1068C00029880C4B1B88194489B20239022289B2EB
:1068D000204601F026FFCEE7301400242A140024BD
:1068E0002B1400244C1400242C1700242C140024F6
:1068F0002E140024461400243E14002450140024B6
:10690000E816002408B5334B00221A80324B1B785E
:10691000002B41D0314B1B781BB1314A1388013316
:106920001380304B1B882BB32F4A1288934218D206
:106930002E4B1B8843B12E49098D2E480089814278
:1069400002D803312A4801852B49098849B143B946
:106950002A4B1B8D274909898B4202D803332749CB
:106960000B85224B1B8813B9234B1B88ABB9013213
:106970001D4B1A80224B1B7813B9224B1B78E3B9AD
:10698000FFF742FF154B1B7833B11F4B1B881BB120
:10699000134A1288934213D008BD01F011FF10F47E
:1069A000006F04D1104A138801331380E2E70023FB
:1069B0000D4A1380114A1385DCE7FFF773FDDFE70B
:1069C000FFF75CFD104B1B88012BE5D1044B002227
:1069D0001A80E1E7181400242B1400242D1400243D
:1069E000121400244E1400244C14002446140024D5
:1069F0002C1700247C06002444140024E8160024EC
:106A0000301400242E1400241414002408B5244B40
:106A10001B7803B3234B1B7813B1234A127872B946
:106A2000224A12785AB9BBB10920FBF7F1FAFFF7F5
:106A3000EBFE1F4B1B784BBB0920FBF7DBFA4FF03B
:106A400080435B6AB3F57A7F23D201F0C3FBFFF783
:106A5000BDFC01F0E5FA08BD01F0A0FE10F4806F66
:106A600009D0114B01221A70124B1B78002BDBD07E
:106A7000FFF718FDD8E7104B1B88002BD4D110F47A
:106A8000006FD1D0084B01221A70CDE7FFF7F6FC5A
:106A9000D2E7FFF781FE4FF0804300225A62D4E72D
:106AA00001140024301400242C1400242B1400247E
:106AB0002D1400242E140024461400240023024A1E
:106AC0001360024A138070470814002484170024BE
:106AD00008B5C3881B0B013B072B0DD8DFE803F07B
:106AE0000406040404040409042008BD03F0BCFCEB
:106AF000FBE703F04FFFF8E70520F6E708B5114B79
:106B0000186830B1002102F0C3F900200D4B186065
:106B100008BD4FF4807005F0DBFF034678B10A4AE8
:106B2000D2F800C050689168C3F800C058609960FE
:106B300092899A81184603F02DFF0020E8E707208C
:106B4000E6E700BF081400247017002410B582B0D7
:106B5000044602224FF401710DF1060001F0AFFD71
:106B6000BDF806000440ADF806400920FBF750FAD6
:106B700002224FF401710DF1060001F029FE0920F7
:106B8000FBF738FA02B010BD10B582B004460222FD
:106B90004FF401710DF1060001F091FDBDF8060002
:106BA0000443ADF806400920FBF732FA02224FF405
:106BB00001710DF1060001F00BFE0920FBF71AFA36
:106BC00002B010BD00B583B00023ADF8063002223C
:106BD00040F202510DF1060001F071FDBDF80630E2
:106BE00013F4006F02D113F4805F05D0044B002230
:106BF0001A7003B05DF804FB014B01221A70F8E72C
:106C00000E14002410B500F58071044C0822C90050
:106C1000204601F054FD204610BD00BF2014002482
:106C200010B582B04FF48073ADF80630C40004F69E
:106C30000604022221460DF1060001F0C9FD0222E0
:106C400021460DF1060001F03AFDBDF8063013F4BF
:106C5000807FF4D002B010BD10B582B00023ADF833
:106C60000630C40004F60604022221460DF1060097
:106C700001F0AEFD022221460DF1060001F01FFDDC
:106C8000BDF8063013F4807FF4D102B010BD0000CF
:106C90002DE9F843A84B1A8841F6FE739A4240F258
:106CA000CB8104460020FFF7ADFF0546C188A3480D
:106CB00006F0A8FA6B882A8813F0010F0DD112F0A4
:106CC000010F0FD1E98811F0010F4AD0A98801F016
:106CD0000C0004280BD0162544E0994806F092FADF
:106CE0001725AAE1974806F08DFA1725A5E111F0BE
:106CF000020F00F09080212B40F28F80B3F5807F4F
:106D000000F28D80B2F5805FC0F08B80B2F5005F3D
:106D100001D3162526E00120FFF774FF03464188C2
:106D2000028811F0010F40F08B8112F0010F40F04A
:106D30008981C08810F0010F75D09B8813F00C0F6B
:106D400073D113F0020F72D0212972D9B1F5807F6F
:106D500071D8B2F5805F70D3B2F5005F6FD20025B5
:106D600000E01625B5FA85F35B09032C98BF0023D4
:106D7000002B33D0744B01221A700320FFF742FF1F
:106D800006464788B0F8008017F0010F40F05C819C
:106D900018F0010F40F05A81C38813F0010302D0AC
:106DA000002F00F08A80002B7DD0684B1B88BB42EF
:106DB00002D10BB1FF2F44D9654806F085FA394658
:106DC000644806F01FFA614B1988634806F01AFA06
:106DD00003252946614806F015FA1E250220FFF713
:106DE00011FF41885B4806F00DFA5D4B19885D483C
:106DF00006F008FA5C4B19885C4806F003FAB5FA0D
:106E000085F35B09022C98BF0023002B57D1002D7E
:106E100000F00D8111E11625A4E71625A2E716253D
:106E2000A0E716259EE716259CE716259AE7162566
:106E300098E7162596E7162594E7162592E7162576
:106E400090E7B38813F00C0F28D1494806F03CFABC
:106E5000484B1B78022B0AD0022B03D0464B1B88D1
:106E600043450AD0454806F02FFA0225B1E7A8F5B8
:106E7000805292B2B2F5805FEED2414806F024FA19
:106E8000B38813F0020F02D1002DA7D0A1E72E4B3B
:106E900000221A703B4806F017FAF5E73A4806F068
:106EA00013FA042595E71FB9284B1B88002BEBD05C
:106EB000364806F009FA03258BE7042589E7022006
:106EC000FFF7A0FE06464788B0F8008017F0010FD4
:106ED00014D118F0010F16D1C38813F0010302D0AA
:106EE000002F00F08A809BB9002F40F08E801C4B51
:106EF0001B88002B00F08A80032587E0244806F0D9
:106F000081F9172599E0234806F07CF9172594E0CC
:106F1000214806F0D9F939460E4806F073F9DFF832
:106F20004090B9F800101D4806F06CF9B9F800302F
:106F3000BB4235D0032569E040140024AC3701087A
:106F400010380108143801082814002444140024BF
:106F50001838010820380108303801087438010851
:106F600046140024843801083C0500249C3801089C
:106F700044380108381400243C1400245C3801080B
:106F80004C38010854380108643801086C3801088D
:106F9000BC380108C0380108C4380108CC380108E1
:106FA0006BB3FF2F2DD8B28802F00C03042B01D055
:106FB00004252BE0264B1B78022B07D0022B22D076
:106FC000244B1B88434507D002251FE0A8F58051BC
:106FD00089B2B1F5805FF1D212F0400F09D01E4B9B
:106FE0000121197012F0020F10D01C4B00221A70F0
:106FF0000CE0194B00211970F4E7042506E0032585
:1070000004E0032502E01D4600E00325294614485C
:1070100006F0F8F8002D3FF4FAAE1D250DE02046ED
:10702000FFF7F0FDC2880F4B1A800134E4B20E4B1B
:107030001B78A342F3D800E014252846BDE8F88366
:107040001725FAE71725F8E71725F6E71725F4E7D8
:10705000381400243E14002433140024281400247F
:10706000743801081614002442140024F0B585B0C9
:107070000023ADF80C30ADF80A3001930093664A56
:107080009489664A92891440654A1380654A137050
:107090000220FFF7B7FD0288634B1A80838813F044
:1070A000020F40F0848003250320FFF7ABFD038827
:1070B0005E4A1380828812F0020F7AD103225C4963
:1070C000B1F800E00EFB02325A4909888A4204DD19
:1070D00059480088084483426DDB58480088824242
:1070E00004DD574A12880244934264DB4E4AB2F8E8
:1070F00000C0544A128805FB02C2914205DA4E4D87
:107100002D8829448C45C0F24B82904205DA4C49C7
:10711000098808448445C0F24582934203DA7344E7
:107120009C45C0F2418202224FF418610DF10E001D
:1071300001F0C5FA04224FF41A610DEB020001F0D0
:10714000BEFA042240F6A411684601F0B8FA00988D
:10715000314B5B88314A5188BDF80E2012F410651E
:1071600034D012F4C06C00F02182BCF5806F00F0C6
:107170001F826CB114F0040F03D112F4007F40F0B1
:10718000198214F0080F03D112F4806F40F01482BA
:10719000019F2D4E3E44DFF8B8E0002F18BF764522
:1071A00000F20C82BCF5C06F07D000260FE001256D
:1071B0007AE7012283E71E2012E1C0B1B84218D35A
:1071C00014F0100F00F0FC81012600E000261F4C97
:1071D0002478002C3ED075B99A1E92B2012A40F252
:1071E000F1818A1E92B2012A46D83020F8E00026AA
:1071F000EDE70026EBE712F4806F04D1032918BFF6
:10720000032B00F0E18112F4007F35D1022918BF71
:10721000022B31D13020E3E02C170024E8160024A3
:10722000481400242C1400243E1400243C14002490
:1072300044140024DA160024DE160024D816002494
:10724000DC160024461400246079FEFFE3160024B7
:1072500060794EC3002D40F0CF80934B1A88002AEE
:1072600000F0C080914B1988002900F0C1802221D4
:1072700001238F4A01249483032B00F0D080022B3A
:1072800000F0D3808B4A127822B9002918BF002B56
:1072900000F09C8143EA010292B212B1864A0124B5
:1072A0001470854A127842B17F4A1288002A00F091
:1072B000C380824A4FF4806414809A1E92B2012ADD
:1072C00040F2C4808A1E92B2012A40F2BF80784AFE
:1072D00053807B4A518000227A4C22807A4C228053
:1072E0007A4C22807A4C2280002E40F0BB80022B08
:1072F00000F0D680032902D0724B01221A80754B10
:1073000000221A8002224FF484610DF10A0001F07C
:10731000D6F9BDF80A20644B1B8813B1002A40F04F
:10732000F3800023ADF80C306B4A13806A4B1B8846
:1073300023B96A4A1278002A40F04A8123B1674B88
:107340001B78002B00F046815B4B1B783BB1564B02
:107350001B8823B1594A138843F4806313800023A8
:107360005F4A13805F4A13805F4A13805F4A13802D
:107370005F4A13705F4A13705F4A1380504A82F865
:1073800040304B4A82F840301385BDF80E3013F47C
:10739000007F18D0019959B14A095848A0FB020250
:1073A000D2095748814200F2CE804D4A0120108018
:1073B00013F4806F07D0009A914240F2CD80484B81
:1073C0001A884A4B1A80384B1B88002B40F0E0800B
:1073D000364B1B88002B40F0DF80FFF74FF8002072
:1073E00005B0F0BD314B1B8823B11346012140E7A6
:1073F00001233EE719463CE72B4B1B880BB156B1E6
:1074000003232A49098800293FF436AF12F4806F1C
:1074100003D0032130E70223F3E702212CE7019A8E
:10742000234C6262264C62622CE7019A204C626215
:1074300092B2234C626225E71C4A1288002A3FF46C
:107440003CAF1E4A4FF40064148036E72D4A0124F5
:107450001470154A1288002A7FF439AF174A0024A5
:10746000148034E7019B98420AD3B0FBF3F291B247
:10747000164C218003FB12022AB90131218002E05F
:10748000124A01211180B0FBF3F18AB20D4C228027
:1074900003FB110000283FF432AF013222802EE7B7
:1074A0000A4B01221A8025E74614002444140024C4
:1074B0002C1700242814002430140024481400241D
:1074C000E816002414140024121400244E1400247E
:1074D0004C140024E41600240C140024331400245B
:1074E0001A140024181400241C1400241E14002450
:1074F0002A1400243214002436140024C55A7C0AAD
:107500001FA107002B14002402224FF4806103A85E
:1075100001F0D5F8BDF80C207AB10232BDF80A109E
:1075200046F2A71302FB0133DB082B4AA2FB03231D
:10753000C3F30F23294A1380F8E60023ADF80A307D
:10754000264A1380F2E6520092B22548A0FB0202BE
:10755000D208244802802BE753092349A1FB0313D7
:10756000DB0922498A420AD8214B01221A80204A8B
:107570001C4B1988138803EB5103138023E75B002E
:107580009BB2174AA2FB0323DB08194A1380EEE7DC
:107590000220FFF761FB1BE70320FFF75DFB1CE701
:1075A0001D201DE71D201BE71D2019E7302017E7D0
:1075B000302015E7302013E7302011E736200FE7A1
:1075C00030200DE730200BE7302009E7292007E7BE
:1075D0001F2005E71F2003E789B5F8140C140024C9
:1075E000CDCCCCCC1A140024C55A7C0A1FA10700AC
:1075F0001E140024094B1B7853B9094B1B7853B157
:10760000084BC8221A80084B00221A80FF207047BE
:10761000064B18887047FF20704700BF31140024C4
:107620002B14002436140024341400244A1400249B
:107630000023024A1370024A137070472C1400246E
:107640002E14002408B51D4B1B88002B2ED11C4B7B
:107650001B88002B2ED14FF2F330FFF777FA00236F
:10766000184A1370184A1370184A1370184A137086
:10767000184A1370184A1380184A1380184A138046
:10768000184A1380184A1380184A1380184A138026
:10769000184A1380184A82F84030184A1380184A52
:1076A0001370184A1370184A137008BD0220FFF7B0
:1076B000B7FACCE70320FFF7B3FACCE7461400246F
:1076C000441400242C140024301400242B1400240F
:1076D0002A140024321400244E1400244C140024D4
:1076E0001A140024181400241C1400241E1400244E
:1076F0001414002412140024E81600243614002464
:10770000331400242D140024E3160024014B00221E
:107710001A707047E316002430B583B005460C4656
:10772000ADF806101C4B1B78834201D01A4B187021
:107730004FF6FF739C4213D1174B1B78ADF8063000
:1077400002224FF498710DF1060001F041F814B1D6
:1077500015F0100F0CD1114B00221A7003B030BD80
:1077600002224FF49A710DF1060001F031F8E3E7BF
:107770001A2C18BF2D2C07D0322C05D01B2C07D06B
:10778000064B40221A70E9E7044B41221A70E5E7E4
:10779000024B42221A70E1E73814002452140024EC
:1077A0002DE9F8430E46514B4FF6FF721A80504BAD
:1077B00001221A7010F010072CD04E4A137823F0D3
:1077C00010031370012700F00F054A4B1C782401A9
:1077D000E4B22C44E4B2482C30D8222C29D3A4F1B2
:1077E0002203262B00F29A80DFE803F02F983898C6
:1077F0009898989898989898989898989898989809
:107800009898989898989898989898982F984C98AD
:1078100098984C00374B1B7813F0100F04D000F0F1
:107820000F02012A40F0428203F00F03314A137025
:10783000C9E7122C09D04FF0000871E0842C21D048
:10784000882C1FD0822C40F0ED802B4805F03CFDA9
:107850000220FFF71DFA1FFA80F81CE0DFF8B8904D
:10786000B9F80010254805F0CDFC4946244800F041
:1078700067FD8046B9F80010224805F0C3FCB8F156
:10788000000F08D1204805F01FFD204B1878FFF7A6
:10789000FFF91FFA80F8B8F1000F41D0154B1B78A3
:1078A000042B00F0B581082B00F0AE81022B00F014
:1078B000B381B8F1FF0F40F0CE81154B01221A7051
:1078C000A4B2144B1C80242C00F0BE8100F2B681BF
:1078D000123CA4B2944200F2B381044B4FF4FA621A
:1078E0001A80024A1388323B1380DFE1101400240F
:1078F0002914002438140024E43801080C39010844
:1079000044140024183901082439010842140024C1
:107910002F1400243A140024461400244FF00008C9
:107920009D4B00221A80A4F11103772B00F2918164
:10793000DFE813F042018000BE0167018F018F0173
:107940008F0167018F018F018F018F018F018F01DF
:107950008F018F012A0144016701AE008F018F0161
:107960008F0167018F018F018F018F018F018F01BF
:107970008F018F017B0067018F0167018F018F01EC
:107980008F0167018F018F018F018F018F018F019F
:107990008F018F011D010801670144018F018F01D3
:1079A0008F01D3008F018F018F018F018F018F0114
:1079B0008F018F018F018F018F018F018F018F0147
:1079C0008F018F018F018F018F018F018F018F0137
:1079D0008F018F018F018F018F018F018F018F0127
:1079E0008F018F018F018F018F018F018F018F0117
:1079F0008F018F018F018F018F018F018F018F0107
:107A00008F018F018F018F018F018F018F018F01F6
:107A10008F018F011001FB006701F3008F018F01BF
:107A20008F0144014FF000087AE7FFF76FFE4FF037
:107A3000130810E1594805F047FCFFF7C3F8584B0D
:107A40001B78002B00F0F780B8F1000F7FF431AF06
:107A500001F05EF8804660B1B8F1000F18BFB8F1D0
:107A6000FF0F3FF426AF4F4B1B7873B101F09CF82A
:107A70001FE74C4B00221A7000F055FC804600288E
:107A8000EAD1494B01221A70E6E700F04EFCEDE71F
:107A9000FFF7ECFA804660B1B8F1000F18BFB8F1FB
:107AA000FF0F3FF406AF3F4B1B789BB1FFF7CAFDBA
:107AB000FFE63C4B00221A703C4800F038FC804640
:107AC0000028E9D1394B1888FFF75EF8384B0122BE
:107AD0001A70E1E700F02DFCE8E7FFF78BFD804628
:107AE00060B1B8F1000F18BFB8F1FF0F3FF4E1AE7D
:107AF0002C4B1B7873B1FFF79BFDDAE6294B002274
:107B00001A7000F018FC80460028EAD1294B0122A7
:107B10001A70E6E700F011FCEDE700F00EFCFFF74D
:107B200087FD204B00221A70C3E600F006FC804659
:107B3000FFF77EFD1B4B00221A70B8F1000F7FF497
:107B4000B8AE422400F0F5FBFFF77CFD154B002298
:107B50001A70AEE600F0F1FB8046FFF769FD114BAD
:107B600000221A70B8F1000F7FF4A3AE412400F098
:107B7000E0FB8046FFF766FD0A4B00221A70B8F161
:107B8000000F7FF496AE212401F00EF800F0CDFB3B
:107B90008046FFF7BBFD8CE63A1400244C390108FF
:107BA0000E1400242914002459160024481400241B
:107BB0002D1400242E140024FFF7A8FD8FB9504B7C
:107BC0001B78002B77D14F4B1B7813F00C0F75D01F
:107BD0004D4B1B884BB94D4B1B8863B94FF0FE08CA
:107BE00039E0204600F09EFBE9E70220FFF734F879
:107BF0004FF0FE082FE00320FFF72EF84FF0FE08AD
:107C000029E04FF0110826E000F097FBFFF710FD88
:107C100000F08FFBFFF716FDB8F1160F03D0394BBC
:107C200002221A7045E600F0BFFF00F07EFB354BE4
:107C300001221A703DE64FF051083AE6482C03D075
:107C4000334BC8221A804CE6314B42F228321A805C
:107C500047E64FF012082B4B187800F00F039D42B7
:107C600047D048EA06039BB263B1284310F0080FDF
:107C700008D0284B1B7823BB234B1B8833BB234BDB
:107C80001B883BBBB8F1000F2CD01E4B1B78082B78
:107C900024D01C4A137843F0100313701E4B0022AB
:107CA0001A704146174B1878FFF736FDBDE8F88388
:107CB0004FF01308CFE74FF0FE08CCE74FF0FE0877
:107CC000C9E700F03AFBFFF7B3FCD5E70220FEF767
:107CD000A7FFD7E70320FEF7A3FFD3E7094B042252
:107CE0001A70D6E716B145F01005B046054B1D7069
:107CF000D4E70021084B1970FFF70EFDD6E700BF4F
:107D000031140024381400244614002444140024A0
:107D1000101400242E1400242F14002438B5784B9E
:107D20001B78002B3BD0774BB3F90030002B62D18E
:107D3000754B1B88C3F30714242B34D011D8123B86
:107D40009BB2012B00F2D680704B1B7843B300F03E
:107D50002BFF6F4B1B78002B00F0CE806D4B1D88E6
:107D600012E0482B0FD16C4B1B7863B36B4B1B7825
:107D7000002B30D06A4B1B78002B33D1694B1B880A
:107D800093BB1A2528E000254CB15D4B00221A70E8
:107D90000DB144F0100429462046FFF7BDFC38BD64
:107DA00000F0C3FAD3E7594B1B784BB1FFF74AFCFD
:107DB000574B1B78002B00F0A180564B1D88E3E742
:107DC00000F0B7FAF2E7574B1D887DB9564B0122F8
:107DD0001A700824D8E72D254C4B1B7843B1FFF7C8
:107DE00027FCD1E71A25F7E71B25F5E71B25F3E765
:107DF00000F0A3FAF3E7444B1B88242B40D016D89D
:107E0000123B9BB2012BCAD8404B1B78002BC6D02B
:107E10003E4B00221A7000F086FA054648BB434BE1
:107E200001221A70384B1C7804F00F04ACE7482B81
:107E3000B5D1364B1B78002BB1D0374B1B78002BBC
:107E40003FD03B4BB3F90030002BA8DD394AB2F9E3
:107E500000209342A3DC0023354A1380354A138067
:107E600000F069FA054620BB2F4B01221A70082446
:107E70008BE7FF2893D000F058FA00F095FE8EE7CC
:107E8000224B1B78002B8AD0204B00221A702A48E4
:107E900000F04DFA054620B9284B01221A7004243F
:107EA00073E7FF283FF47BAF00F043FAFFF7CAFB0C
:107EB00075E7FF283FF473AF00F03FFAFFF7B8FB18
:107EC0006DE7184B1B8823B1154B1B78002B3FF433
:107ED00066AF00F030FA054620B9134B01221A7044
:107EE000082452E7FF283FF45AAF00F026FAFFF7C4
:107EF0009FFB54E7002547E7012545E7012543E7B8
:107F00002F140024101400243A14002429140024EF
:107F1000311400244A1400242B1400242A140024B1
:107F20002C140024461400242E1400245916002476
:107F30003614002434140024481400242D14002482
:107F40002C4B1B78002B54D02B4B1B883BB12B4A5E
:107F50001288934203D82A4B00221A7009E0274A5C
:107F60001288934202D90132244B1A80244B0122F9
:107F70001A70234B1B784BB1224B1B8833B1224A1A
:107F80001288934218D901321F4B1A801C4B1B7860
:107F90004BB31E4B1A8D1E4B1B899A4210D21D4BA0
:107FA00001221A701C4BB3F90030002B21DD1B4A53
:107FB0001388013313807047114B00221A70E5E7D4
:107FC000144B1B78ABB1134B00221A700F4B0122DC
:107FD00083F84020104BB3F90030002B09DD0F4B24
:107FE00000221A8070470B4B1B7813B1094B0022FB
:107FF0001A7070472B1400241A140024181400243B
:108000002A1400241E1400241C1400242C170024FD
:108010007C06002432140024361400243414002476
:1080200000B583B01D4B1B8873B91D4B1B7843B142
:108030001C4B1B782BB11C4B1B7823B31B4B1B78A1
:1080400033B303B05DF804FB0023ADF80630022221
:108050004FF488610DF1060000F031FBBDF80630E9
:1080600013F0010FE1D1124B1B88002BDDD00D4B1B
:108070001B781BB90F4B00221A70D6E71B21042076
:10808000FFF78EFBDDE72C210420FFF789FBD8E703
:108090001A210420FFF784FBD3E700BF0C1400244F
:1080A0002B1400242E1400242A140024321400243B
:1080B000461400242C14002410B582B00024ADF81E
:1080C0000640022204210DF1060000F0F8FABDF886
:1080D00006301B0A284A1370022206210DEB01000C
:1080E00000F0EDFABDF806309B029BB203F6FF7379
:1080F000224A1380FEF766FD04E02046FEF790FD5D
:108100000134E4B21C4B1B78A342F6D800F096FC75
:1081100000241B4B1C701B4B1C701B4B1C701B4BFF
:108120001C701B4B1C701B4B1C701B4B1C801B4B77
:108130001C801B4B1C801B4B1C801B4B1C801B4B37
:108140001C701B4B1C701B4B1C801B4B1C801B4B47
:108150001C801B4B1C8001201A4B18702146FFF716
:10816000DBFA194B1C80194B1C70194B1C70FEF765
:10817000A5FC02B010BD00BF42140024401400242E
:10818000291400242F1400242C1400242E1400245D
:108190002D140024331400240C140024181400247B
:1081A0001A1400241C1400241E1400242B14002470
:1081B000311400244A1400244814002446140024D6
:1081C00044140024381400243A14002452140024C7
:1081D0003014002410B582B00023ADF8063001231E
:1081E000ADF8043000F054FF484B1B78002B4CD105
:1081F00000F0D4FA044610F0010F03D0444B1B7872
:10820000002B49D014F0100F0BD0414B1B7843B911
:10821000404B187810F0100F03D120F01003012B01
:108220004AD13B4B1B78002B4FD1384B1B7853B3B3
:10823000BDF8043013F0010F4AD014F4007F4FD181
:10824000BDF8043013F0020302D0334A12781AB199
:10825000A3B9314B1B788BB100F0EAFD2E4B1B7894
:10826000002B48D0BDF8043043F40073ADF804305F
:10827000022240F60E0101A800F0AAFA00F08EFAE0
:1082800010F4807F3ED102B010BD022240F60E01F4
:1082900001A800F014FAABE702224FF490710DF13F
:1082A000060000F00CFA24F01104A4B200219DF89D
:1082B0000600FFF775FAA5E724F01004A4B2002128
:1082C00000F00F00FFF76CFAABE7FFF727FDACE714
:1082D000104B1878002100F00F00FFF761FAACE7AF
:1082E0000E480023038002220D4B198800F070FA1B
:1082F00000F054FDA4E7BDF8043023F40073ADF89A
:108300000430B5E700F040FEBDE700BF5916002479
:108310002F1400243814002458160024501400246C
:10832000DA160024704700207047002070470020B4
:108330007047002070470020704700207047000001
:108340002DE9F04F83B0009001910027BA4619E063
:10835000651CEDB23146284601F056F8D6F8188073
:108360003146284601F050F8C0F3CF0018F800302D
:108370001F44BFB20134A4B24C45E9D30AF1010A4B
:108380001FFA8AFA2A4B1B8853450CD9284B03EB5A
:108390004A03588800F0A2FE0646C8B18369B3F8C4
:1083A00000900024E8E74FF0000BFD1DC5F3CF0857
:1083B000BBF1000F34D00027FB1DC3F3CF03009A9D
:1083C0001380019BA3F80080584603B0BDE8F08FEE
:1083D00000274FF0250BE8E7B569601C3146C0B2B5
:1083E00001F012F8C0F3CF002B5C1F44BFB2013480
:1083F000A4B24C45F0D30AF1010A1FFA8AFA0D4BD8
:108400001B885345D8D90B4B03EB4A03588800F01F
:1084100065FE064638B18369B3F800905C46E8E72C
:108420005F46DA46EBE75F464FF0240BC4E700BF38
:108430006006002464060024002109E00B4A32F89B
:10844000132020F8022B0133682BF7DD013189B2AC
:10845000074B1B888B4208D9054B03EB41035B8814
:10846000B3F5D05FF2D10123EEE77047300400246A
:10847000640600244FF0000C0BE030F8021B0C4A9D
:1084800022F813100133682BF7DD0CF1010C1FFAF1
:108490008CFC084B1B88634509D9064B03EB4C0346
:1084A0005A8841F201639A42EFD10123EBE770470A
:1084B0003C0500246006002400B56A4B6A4AD2F8E5
:1084C00002E0D2F806C0D2F80A00D2F80E10C3F8C3
:1084D00002E0C3F806C0C3F80A00C3F80E10D2F8D1
:1084E00012E0D2F816C0D2F81A00D2F81E10C3F863
:1084F00012E0C3F816C0C3F81A00C3F81E10D2F871
:1085000022E0D2F826C0D2F82A00D2F82E10C3F802
:1085100022E0C3F826C0C3F82A00C3F82E10D2F810
:1085200032E0D2F836C0D2F83A00D2F83E10C3F8A2
:1085300032E0C3F836C0C3F83A00C3F83E10D2F8B0
:1085400042E0D2F846C0D2F84A00D2F84E10C3F842
:1085500042E0C3F846C0C3F84A00C3F84E10D2F850
:1085600052E0D2F856C0D2F85A00D2F85E10C3F8E2
:1085700052E0C3F856C0C3F85A00C3F85E10D2F8F0
:1085800062E0D2F866C0D2F86A00D2F86E10C3F882
:1085900062E0C3F866C0C3F86A00C3F86E10D2F890
:1085A00072E0D2F876C0D2F87A00D2F87E10C3F822
:1085B00072E0C3F876C0C3F87A00C3F87E10D2F830
:1085C00082E0D2F886C0D2F88A00D2F88E10C3F8C2
:1085D00082E0C3F886C0C3F88A00C3F88E10D2F8D0
:1085E00092E0D2F896C0D2F89A00D2F89E10C3F862
:1085F00092E0C3F896C0C3F89A00C3F89E10D2F870
:10860000A2E0D2F8A6C0D2F8AA00D2F8AE10C3F801
:10861000A2E0C3F8A6C0C3F8AA00C3F8AE10D2F80F
:10862000B2E0D2F8B6C0D2F8BA00D2F8BE10C3F8A1
:10863000B2E0C3F8B6C0C3F8BA00C3F8BE10D2F8AF
:10864000C2C0D2F8C600D2F8CA10D2F8CE20C3F801
:10865000C2C0C3F8C600C3F8CA10C3F8CE205DF884
:1086600004FB00BF300400243C05002410B59DF835
:108670000840E4B921B9104A12881A80084610BD92
:10868000062907D007290ED0092912D100221A7015
:108690002046F4E70AB92046F1E70021184604F025
:1086A00053FD2046EBE700221A702046E7E705203D
:1086B000E5E71120E3E700BF1C0400247047F8B58C
:1086C00007460C46154614E0032D02D1012600E0B2
:1086D0002E46012383F31088324621463846FDF7A3
:1086E000F1FC002383F31088AD1BADB23744344452
:1086F000A4B2ADB1B4F5805FEAD22E46042D28BFF6
:10870000042614F0010F07D114F0020FDCD016F08C
:10871000010F03D00126DCE70126DAE70226D8E7BD
:10872000F8BDF8B507460C4615460EE0032D02D1FC
:10873000012600E02E46324621463846FDF7C2FCAF
:10874000AD1BADB237443444A4B2ADB1B4F5805FD3
:10875000F0D22E46042D28BF042614F0010F07D1B5
:1087600014F0020FE2D016F0010F03D00126E2E769
:108770000126E0E70226DEE7F8BD000008B5012388
:1087800083F3108802224FF408710348FFF7C9FFF2
:10879000002383F3108808BD5414002408B5FFF7A4
:1087A000EDFF014B188808BD5414002408B50222BF
:1087B0004FF408710148FFF7B4FF08BD54140024BA
:1087C00008B5FFF7F3FF014B188808BD54140024C7
:1087D000F8B507460C46154614E0032D02D10126D4
:1087E00000E02E46012383F31088324621463846A6
:1087F000FDF7F8FC002383F31088AD1BADB23744BE
:108800003444A4B2ADB1B4F5805FEAD22E46042D53
:1088100028BF042614F0010F07D114F0020FDCD09A
:1088200016F0010F03D00126DCE70126DAE7022665
:10883000D8E7F8BD10B582B06420FDF733FB0446DD
:108840000146244804F0DEFC0120F9F777FB224BB7
:108850009C42F1D19323019304224FF401710DEB5B
:108860000200FFF7B5FF0023019304224FF40171CA
:108870000DEB0200FFF723FF019B932BEAD10024AD
:10888000019404224FF401710DEB0200FFF7A0FFE9
:1088900040F201115420FDF71DFB01215C20FDF782
:1088A00019FBF8F7DBFD0920F9F7A4FBF8F700FE48
:1088B000F8F728FE2820F9F79DFBF9F7FBF91C20B3
:1088C000F9F798FB0548FCF7ADF984F310882046CA
:1088D00002B010BD68390108214365870C110024DE
:1088E000F8B507460C4615460EE0032D02D10126C9
:1088F00000E02E46324621463846FDF773FCAD1B9C
:10890000ADB237443444A4B2ADB1B4F5805FF0D217
:108910002E46042D28BF042614F0010F07D114F0B1
:10892000020FE2D016F0010F03D00126E2E7012684
:10893000E0E70226DEE7F8BD08B54FF4806107489E
:10894000F9F7A2FD0820F9F7A9FDFDF761FF4FF047
:10895000B0430822C3F8882008BD00BF00180258A1
:1089600008B50920F9F754FB4FF40050F9F796FDCC
:10897000FDF7C8FF4FF0B0434FF40052C3F8882012
:108980000920F9F737FB08BD08B50420F9F786FD83
:10899000FDF7EAFD4FF0B0430422C3F8882008BD7C
:1089A00010B50E4C2046FCF791F9FDF7F5FE236853
:1089B0006FF001021A610A4A138801339BB21380D7
:1089C000B3F5FA7F00D210BD134600221A804FF48F
:1089D00000710448F9F758FDF5E700BF0C110024B9
:1089E00056140024001802584A88531C9BB2B1F850
:1089F00004C09C4509D0B1F800C09C4507D00232A4
:108A000041F822004B80002070470023F3E7072045
:108A100070470246038841888B420CD0991C50F85D
:108A2000210001339BB213809188994200D0704796
:108A30000023138070470020F9E7000010B582B0D2
:108A4000224B22221A80224B4FF480721A804FF45C
:108A50008053204A1380204A1380204B00241C801E
:108A60005C800A229A801E4B1C805C809A801D4B81
:108A70001C601D4B1C601D4B1C601D4B1C601D4B66
:108A80001C70ADF80640022240F60E010DF1060002
:108A9000FFF715FEBDF8063023F40073ADF806307D
:108AA000022240F60E010DF10600FFF791FE124B77
:108AB0001C70124B1C70124B1C70124B1C70124B12
:108AC0001C70124B1C7002B010BD00BFDC160024DD
:108AD000DE160024D8160024DA16002470160024AE
:108AE000A41600246C1600246416002460160024CA
:108AF0006816002458160024591600245C16002419
:108B00005B160024E0160024E2160024E11600247F
:108B100038B50020FEF776F843881D4C2380038883
:108B20001C4D2B800120FEF76DF843881A4A1380F4
:108B300001881A4A11802888228802448A4202DD6C
:108B40000B44984222DB0020FEF786F80120FEF756
:108B500083F80F4B188803F0BBFF114B186030B13E
:108B60000024104B1C7003F0BBFF204638BD0D4B9A
:108B700001221A700A2003F0ABFF094B186018B1EC
:108B8000002403F0ADFFF0E70224FAE71624ECE737
:108B9000DC160024D8160024DE160024DA16002481
:108BA0006C1600245A16002410B582B000202F4BFA
:108BB0001870FEF735F80120FEF732F82C4B1868D4
:108BC00008B103F08DFF2B4B186828B1284B1B68A8
:108BD000984201D003F084FF274B186848B1244B1A
:108BE0001B68984205D0234B1B68984201D003F0C4
:108BF00077FF00241E4B1C601F4B1C601D4B1C602C
:108C00001E4B1C70ADF80640022240F60E010DF11D
:108C10000600FFF754FDBDF8063023F40073ADF8ED
:108C20000630022240F60E010DF10600FFF7D0FDDE
:108C3000134B1C70134B1C70134B1C70134B1C708C
:108C4000134B1C701348FFF7E4FE10B90028F9D14C
:108C500001E003F045FF1048FFF7DBFE10B90028E4
:108C6000F9D101E003F03CFF02B010BD5916002419
:108C70006416002468160024601600245816002488
:108C80005C1600245B160024E0160024E216002483
:108C9000E116002470160024A416002408B5838869
:108CA000C3F30323032B01D0022008BDFDF710FFFF
:108CB000FBE70000F0B583B02F4B1B7803F00F03E8
:108CC000012B55D004462D4B1B78002B52D02C4B3A
:108CD0001D781DB10725284603B0F0BD0788BA1DD1
:108CE00092B2284B1988FFF773FD0023ADF80630C8
:108CF000022240F60C010DF10600FFF7E0FCBDF882
:108D000006309BB2ADF80630BDF8063013F4006FA4
:108D100014D11D4B1E88F21BD2B2063AD2B21B4BA5
:108D200000211980012A15D9164B1988314489B2BE
:108D30000239022289B21548FFF74AFD144B1B681D
:108D400093B1144B00221A60114B1C600C4B012292
:108D50001A70C0E7B91D21F00101C2F102022144DD
:108D60001846F7F76FFCDFE70A4B0B4A1A60EBE790
:108D7000F025B0E7F025AEE738140024591600249A
:108D80005C160024DA160024DE1600245014002499
:108D9000601600246C1600245815002408B51D4BDD
:108DA00000221A701C4B186810B11C4B1B6893B141
:108DB0001B4B1A68184B1A60184B186888B1FFF7DC
:108DC00079FF164B00221A60164B1B7813B113F073
:108DD000020F0ED108BD03F083FE0F4B00221A6074
:108DE000E6E71148FFF715FE0028EDD0FFF762FF18
:108DF000EAE723F002030B4A13700C4B1868FDF7E7
:108E00007DFE0028E6D0074A137843F00203137072
:108E1000E0E700BF5C1600246416002468160024F6
:108E200060160024E0160024A41600246C1600240A
:108E300010B5124B1C685CB1114B1B7813B1114B70
:108E40001B6863B12046FFF735FF0C4B00221A6008
:108E50000D4A1378B3FA83F35B09137010BD012038
:108E6000FDF7DEFE094B1A68064B1A600120FDF77C
:108E7000F3FE034B00221A70E4E700BF64160024DF
:108E80005C1600246816002458160024601600247E
:108E900038B51D4B1B7803F00F03012B32D005466C
:108EA0000C468388C3F30B038380184A127812F0B0
:108EB000070F02D1154A01211170144A127843EAB2
:108EC0000233AB802846FFF7F5FE38B90F4A137816
:108ED0000133137064B2002C0DDB38BD0C492846F9
:108EE000FFF782FD10B144F08004F3E7074A1378DE
:108EF00001331370EEE704F07F04064B1A78144335
:108F00001C70EAE7F020E8E738140024E11600249A
:108F1000A4160024E016002410B5044683880188B6
:108F2000B1F5807F0DD81A0B1AB1154B1B789342FF
:108F300022D0134B1A7013492046FFF755FD68B92C
:108F400010BD0422028023F4706383800123C38058
:108F5000082303810021FFF79BFFF1E70422228011
:108F6000A28822F47062A2800122E2802081002186
:108F70002046FFF78DFFE3E703F0B2FDE0E700BF17
:108F8000E21600247016002410B582B00222384B7D
:108F900019880DF10600FFF792FB364B1B78012B69
:108FA00010D0BDF8063006339BB2ADF80630324A19
:108FB000127812B9314A1278D2B1314B01221A70AB
:108FC00002B010BD0A2003F083FD04460028E8D05B
:108FD0000021016041600181042303800123C380DB
:108FE00007230381FFF754FF204603F079FDD8E7FC
:108FF000234A00211170234A1088834201D9ADF819
:10900000060003F065FD204B1860E8B1BDF80620AE
:10901000174B1988FFF753FB0023ADF804300222E9
:1090200040F6040101A8FFF74AFBBDF804309BB2EB
:10903000ADF80430BDF8043013F4006F08D1124BC2
:109040001868FFF769FFBBE70D4B01221A70B7E7FD
:109050000E4800230380064B19880A4B1B881944CD
:1090600089B20239022289B2FFF729FBE7E700BF84
:10907000D81600245A1600245C160024E01600249A
:109080005B160024DC1600246C1600245014002407
:1090900010B500E0BCB10F48FFF7BBFC0446002848
:1090A000F8D0FFF7FBFD0028F4D004222280A2882C
:1090B00022F47062A2800122E280208100212046F9
:1090C000FFF7E6FEE6E7044B1B7803B910BDFFF798
:1090D0005BFFFBE7701600245B16002438B50546DD
:1090E000FDF78CF8044600E064683CB12389AB428C
:1090F000FAD12146044804F085F802E0034804F060
:10910000E3F8204638BD00BF9C390108B03901089A
:1091100010B5B2F80CE0CEF3032023B35FFA8EFE55
:10912000072838D0082802D00123002014E09369D2
:10913000187813691B8903FB00F00730C008F9B9E0
:1091400002301DE003EB430C146904EB4C0CBCF83B
:1091500002C060440133DBB27345F3D90730C00865
:1091600071B902300CE007280BD0B1B108280DD03E
:10917000136901EB410103EB410148880730C0103E
:1091800010BD136958880730C010F9E713691889B2
:109190000730C010F4E70020F2E70120F0E70000FC
:1091A000302383700E4BA3FB01234FEA531C02783C
:1091B00002EB53130370642303FB1C11C9B2094A69
:1091C000A2FB0132D30890F801C00CEBD20242702E
:1091D00003EB8303A1EB430130318170704700BF83
:1091E0001F85EB51CDCCCCCC2DE9F04184B01E468F
:1091F00055699389C3F30323072B18BF00290DD1A9
:109200002846F7F7BDFA84B226B1224629463046F1
:10921000F7F718FA204604B0BDE8F0810F46092B95
:1092200014D0002E3DD0204B6C460FCB07C42370CA
:1092300039460DF10900FFF7B3FF6B4607CB3060ED
:109240007160B2601B7833730C24E3E71FFA81F876
:109250002846F7F795FA01300544012444451CD807
:109260002B78FD2B17D8444507D00134A4B22846EB
:10927000F7F786FA01300544F0E72846F7F780FA59
:1092800084B2002E18BF002CCBD02246294630468F
:10929000F7F7D8F902E0002400E00024002CB9D14F
:1092A000BFE70C24B6E700BF6C0600248389C3F334
:1092B0000323082B05D0006901EB410100EB4100BD
:1092C000704709B9006970470069063070472DE999
:1092D000F047804620278740BFB2FCF78FFF054646
:1092E0004FF0000A15E0B5F80C904646002401E066
:1092F0000134A4B2B6B15FFA89F39C4212D8E1B24C
:109300002846FFF7D3FF83883B42F1D00026EFE7E2
:109310006D6875B12B89B3F5805FF9D3B8F1000F93
:10932000E1D14646002EF3D10AF1010A1FFA8AFA6A
:10933000EEE75046BDE8F0872DE9F04F83B0824656
:109340000191164600934FF0200909FA00F91FFA1F
:1093500089F90B88B3F5805F0ED0294B1D68002D6D
:1093600033D1002D47D02B89019A1380244B1D60E7
:10937000304603B0BDE8F08FFCF740FF05460C9B7C
:10938000B0FA80F04009002B08BF00200028E6D08A
:109390001B230C9A1370E2E795F80CB05746002493
:1093A00001E00134E4B23B1E18BF01235C4588BFD5
:1093B0000023BBB121462846FFF778FF838813EAD4
:1093C000090FEED00027ECE76D68002D18BF012EC5
:1093D000C7D9B5F80880B8F5805FF5D3BAF1000FAA
:1093E000DAD15746002FEFD1009B23F8028B009370
:1093F000023EB6B2E8E74FF6FF73019A1380B5E775
:10940000941700240A307047F0B5B1F80CE0CEF3A1
:10941000032E044600B11020BEF1070F00F0B1800A
:10942000012227E00D69063530E0B3F5187F0ED034
:1094300007D3A3F2622C1FFA8CFCBCF1010F40F29F
:109440008D80964214D96B88184480B210E00F309A
:1094500080B220F00F0080B2964209D9B3F5187F90
:1094600018BF0B2B02D16B88184480B2103080B229
:10947000013292B2A6B29642C0F08480BEF1080FCB
:10948000D0D00D6902EB420305EB43052B882F2B4F
:10949000CBD8032BD5D3A3F1030CBCF12C0FD0D820
:1094A00001A757F82CF000BF4F9400085D95000805
:1094B000439400084F9400085D9500085D950008EE
:1094C00043940008439400084F9400084394000814
:1094D0004394000843940008439400084394000810
:1094E0004394000843940008439400084394000800
:1094F00043940008439400084394000843940008F0
:1095000043940008439400084394000843940008DF
:1095100043940008439400084F9400085D950008A8
:1095200043940008439400084394000843940008BF
:1095300043940008439400084394000843940008AF
:10954000439400084394000843940008439400089F
:10955000439400084F9400085D9500081F3080B2C6
:1095600020F01F0080B2964282D9A3F262239BB200
:10957000012B02D9203080B27AE76B88184480B280
:1095800076E70020F0BD00BF22297AD8DFE801F09D
:10959000121449617979797979797979797979794F
:1095A000797979797979797979797979797979792B
:1095B000797938000020704741F63243984205D04F
:1095C00041F6334398420CD012207047354B1B882C
:1095D000002BF5D0344B9B8913F0020FF0D0002004
:1095E0007047324B9B8913F0020F4CD02D4B1B88D8
:1095F000002B4AD12E4B1B88002B48D112207047DC
:1096000041F63343984201D012207047274B9B8983
:1096100013F0020F3DD0234B1B88002B3BD11220AF
:10962000704741F63243984205D041F633439842A1
:1096300008D0122070471C4B9B8913F0040FF4D004
:1096400000207047194B9B8913F0040F25D112207D
:10965000704741F63243984205D041F63343984271
:1096600008D012207047104B9B8913F0080FF4D0DC
:10967000002070470D4B9B8913F0080F0FD112206B
:109680007047122070471220704712207047002048
:10969000704712207047002070470020704700205C
:1096A000704700BF461400242C170024E81600243D
:1096B000441400242DE9F04F8BB003900C4615465E
:1096C0001F46149E9DF8543002931FFA81FBBB89FC
:1096D000C3F30322DBB20693D31F18BF0123089301
:1096E000B0F5805F34BF002303F0010313B1BB6901
:1096F0001B780693029BFBB1039BB3F5805F2CBFE5
:1097000000230123072A08BF43F00103002B40F088
:10971000DE81069B0493D7F81C80B8F1000F2CD093
:10972000029B009333462A4621460398C047059082
:1097300005980BB0BDE8F08F069B5B45C0F0CA8171
:1097400021463846FFF7B2FD828882B1D3B25B0072
:10975000A149097803F00E0301F00F018B4209D2F1
:1097600012F0070F40F0B98106230593E0E7CDF82A
:1097700010B0D0E7CDF810B0CDE7039B002C18BF98
:10978000B3F5805F80F09581BD6921463846FFF7CB
:109790008DFD40880730C210C0086FF0404323445D
:1097A00055F8231011F0010F22D021F00101090416
:1097B000090C0022B2EB500F0BD20B881B0A33802E
:1097C00031F8024F43EA042326F8023B013292B2F9
:1097D000F0E710F0010F00F08381338803F47F433A
:1097E00033800A8843EA12233380002305939FE7DE
:1097F0000B8833804B887380043A0431301DF6F7B0
:1098000021FF0023059393E7A046C8F30F1A09EB45
:109810004A0BE1B23846FFF749FD054603795B0084
:109820006D4A127803F00E0302F00F029342C0F06B
:109830001181079B9C4203D0029A5AB19C4209D3E2
:10984000089B002C14BF002303F00103CBB1069B3F
:1098500026F8023B0134A4B2049B9C4200F2308102
:10986000D7F81890002CCFD0039BB3F5805F05D3B9
:109870003946E0B2FFF7C8FD8046C6E74FF0000862
:10988000C3E72B88B3F5E06F05D36A88082A41D86F
:1098900002F12F039BB2372B4ED8372B00F22381D6
:1098A000DFE813F068007C007C00A4003C007C0032
:1098B000A4003C003C00C2005000500021012101E6
:1098C000210121012101AF00210121012101AF006E
:1098D00021012101210121012101AF0021012101EB
:1098E0007C00A4003C002101210121012101210172
:1098F00021012101210121012101210121017C00FE
:10990000A4003C007C007C007C007C007C007C008F
:109910007C007C00102A69D0202ABCD118F00F0FDF
:1099200040F0ED8039F81A303380BBF80230738094
:109930000436012309938DE7A3F518739BB2032B1B
:1099400000F2D48018F00F0F40F0DF806A880732F1
:10995000D21059463046F6F775FE6B881A0906EBA9
:10996000420613F00F0F00F09B8033783380012301
:1099700009936FE7029B002B00F0BB806B8813F00C
:109980000F0F04D0984418F00F0F00D10236C3F324
:10999000031306EB4306012309935BE76A880F4B29
:1099A00033F8123008F00F0293401FFA83FC39F8A5
:1099B0001A000AB9002131803188029B83B10CEA78
:1099C00000030B4333806B88984418F00F0F64D169
:1099D0000236012309933DE738140024CC390108ED
:1099E0000CEA000313410B433380ECE718F00F0F30
:1099F00040F0828039F81A3026F8023B012309939F
:109A000028E718F00F0F7DD139F81A303380BBF8F2
:109A100002307380BBF80430B380BBF80630F380AB
:109A200008360123099315E718F00F0F70D16A88E3
:109A30000732D21059463046F6F704FE6B881A09F1
:109A400006EB420613F00F0F2DD03378338001233D
:109A50000993FFE618F00F0F01D1002333806B88C4
:109A600013F00F0F06D0434413F00F0F02D1002361
:109A700073800236002304E0002226F8022F01330F
:109A8000DBB26A88C2F303129342F5DBAB8813F0B2
:109A9000070F0BD106230593DCE601230993D9E6D2
:109AA00001230993D6E601230993D3E61A230593EC
:109AB000D0E65C46002305930993CDF81CB0CBE6B5
:109AC000099B002B3FF434AE0023059330E60523B9
:109AD00005932DE6112305932AE61A23059327E61D
:109AE0000023059324E61823059321E61823059304
:109AF0001EE6182305931BE60523059318E60523A8
:109B0000059315E60523059312E6052305930FE655
:109B1000052305930CE600BF2DE9F04F8BB00690AE
:109B20000C4615461E46DDF850809DF854300493CF
:109B30001FFA81FBB389C3F303220592DBB20793BB
:109B4000072A19D0B36993F800A0BAF1000F15D114
:109B5000A14B03449BB2A0F5B05292B2B2F5007F84
:109B600028BF1F2B31D9A0F5D0539BB2B3F5007F8E
:109B700004D2DDF81CA001E04FF0000A049B3BB3C7
:109B8000059B072B00F0F781B4FA84F35B09002DE5
:109B900008BF00230BB198F800A09CB38E4B069928
:109BA0000B449BB2A1F5B05292B2B2F5007F28BF30
:109BB0001F2B05D9A1F5D0539BB2B3F5007F30D24E
:109BC000B3691B7883BB09931DE0DDF81CA0D5E7C2
:109BD000DA45C0F0D38121463046FFF767FB818824
:109BE0008A1002F00E027D4B1B7803F00F039A429D
:109BF00006DA11F0380F40F0C481072303930CE01C
:109C0000DA46CAE70994376A8FB1049B009343464A
:109C10002A4621460698B847039003980BB0BDE842
:109C2000F08F00230993EEE701230993EBE7002D62
:109C300000F0AA815C46072303930023089350E1B8
:109C40002B88B3F5E06F05D36A88082A41D802F162
:109C50002F039BB2372B62D8372B00F29B81DFE8B2
:109C600013F076008B008B00C1003D008B00C1001B
:109C70003D003D001B0164006400990199019901B8
:109C80009901990102019901990199010201990132
:109C900099019901990199010201990199018B009A
:109CA000C1003D009901990199019901990199011A
:109CB0009901990199019901990199018B00C100BC
:109CC0003D008B008B008B008B008B008B008B008A
:109CD0008B00102A00F08680202ABBD110F00F0FD5
:109CE00040F06D81099B6BB1B9F80020B8F80030E5
:109CF0009A4240F06781B9F80220B8F802309A42DF
:109D000040F06381B8F80030A9F80030B8F80230AC
:109D1000A9F8023008F1040801230893DFE0A3F555
:109D200018739BB2032B00F2388110F00F0F40F034
:109D300055816A880732D21041464846F6F782FCC0
:109D40006B881B0908EB430801230893C7E0049BB9
:109D5000002B00F025816B8813F00F0F05D01844FD
:109D600010F00F0F01D108F10208C3F3031308EB41
:109D7000430801230893B2E06A88194B33F8127044
:109D800000F00F0E07FA0EF11FFA81FCB9F800304F
:109D900023EA01031AB21946049B8BB1B8F80030CC
:109DA00003EA0C030B43A9F800306B88184410F049
:109DB0000F0F40F0D68008F10208012308938EE0CF
:109DC000B8F8003033EA070140F0ED803B4003FA79
:109DD0000EF313439BB2E6E7F0E3FFFF38140024D1
:109DE000CC39010810F00F0F40F0E080B8F80050B7
:109DF000099B23B1B9F80030AB4240F0DA80794BCF
:109E0000069A13449BB21F2B0ED8A5F5B05292B2FE
:109E100040F2FF11A5F5D0539BB28A4288BF8B4216
:109E200002D9002D40F0C8806F4B069A13449BB2B4
:109E3000012B06D9A9F8005008F102080123089364
:109E40004DE0012CF6D1B9F80030AB4207D02946DD
:109E50001046FFF799FB039000287FF4DEAE634BBA
:109E600001221A70E6E710F00F0F40F0B180B8F849
:109E70000030A9F80030B8F80230A9F80230B8F87C
:109E80000430A9F80430B8F80630A9F8063008F113
:109E900008080123089322E010F00F0F40F09B8088
:109EA0006A880732D21041464846F6F7CBFB6B88EA
:109EB0001B0908EB43080123089310E0002C4BD04A
:109EC0006B8813F00F0F05D0184410F00F0F01D15D
:109ED00008F102081B0908EB430818230393013417
:109EE000A4B2544540D8D6F81890E7B23946304667
:109EF000FFF7DCF9054631463846FFF785FAAB88AF
:109F00009B1003F00E033A4A127802F00F029342BC
:109F1000D4DB1CB1C0F30F1309EB43095C4504D03B
:109F2000049B002BDBD05C45D9D3059AB4FA84F3AB
:109F30005B09072A08BF0023002B3FF481AEB8F865
:109F40000030DAB20799914221D3A9F8003008F124
:109F5000020801230893C2E708F1020818230393BB
:109F6000BDE701230893BAE7089B002B3FF455AEE9
:109F70000023039351E6052303934EE61123039335
:109F80004BE61A23039348E60023039345E6132385
:109F9000039342E6182303933FE6182303933CE61A
:109FA0001823039339E61223039336E6052303931C
:109FB00033E61C23039330E6122303932DE6052397
:109FC00003932AE61C23039327E61C23039324E62A
:109FD0000523039321E6052303931EE6052303933C
:109FE0001BE600BFF0E3FFFFCEE3FFFFE316002414
:109FF00038140024F8B5067A06F01006454B1B7895
:10A00000B34200F085800446434B1B88093B9BB25A
:10A01000404A16701D46414A10680344404A12687F
:10A02000934212D9151A3F4B00221A70237A2381CA
:10A0300010F0010F0DD140083B4A176837F8102087
:10A0400043EA02232381002225E0364B01221A70C5
:10A05000ECE7354A1168400831F9102022F0FF0280
:10A060001343238101306A1E01EB400104F10A0011
:10A07000F6F7E8FA12E0111837F811C0013137F895
:10A0800011301B021BB243EA1C23111D04EB4101DA
:10A090004B80013292B2B2EB550FECD3E388C3F39D
:10A0A0000B03E38043F44053E380238903F47F43AD
:10A0B00023811C4A1278BAB133432381062D18D864
:10A0C0000A232380C5F107039BB25B009BB2228960
:10A0D00013432381134B1B78012B0ED10F4A1368B6
:10A0E0002B441360002014E046F001063343238123
:10A0F000E4E7ABB203332380ECE70B4C206802F0BB
:10A10000EFFC00202060054B1860084B187000E041
:10A110000120F8BD81170024DE16002488170024D2
:10A120008C17002480170024A01700249217002405
:10A13000F0B583B0038903F01001814A127891428F
:10A1400000F0E88004467F4A1288093A91B203F091
:10A1500010027B4802707C4A1068002800F0EE80F4
:10A160007A4A15687A4A1268AD1A13F0010F17D0AF
:10A17000A942C0F0A98021880339A94205D36FEA1A
:10A18000630606F00706AE4206D0072D40F2B68001
:10A19000A94201D00E2698E06E4900260E7008E014
:10A1A0006C4E4FF0010C86F800C0A94280F0A880E8
:10A1B0000D4612F0010F21D1618952081B0A43EAB2
:10A1C000012320F8123001236A1CB3EB520F33D263
:10A1D000DA1C04EB42025288191D04EB41014E883F
:10A1E0005B49096803EB510157480068120A42EACB
:10A1F000062220F8112001339BB2E5E7520810F83F
:10A20000123020F81230504851490A685208066846
:10A21000B4F9083023F0FF0336F812703B4326F8F8
:10A22000123000680B685B0801336A1E04F10A01F2
:10A2300000EB4300F6F706FA464B1B780BB10026FD
:10A2400043E0454B1B7801933F4B1B680093434B06
:10A250001B683E4A12684249097842480088FFF765
:10A260005BFC0646FF2806D0374F386802F038FC02
:10A2700000233B6029E03C4B02221A70364B1A78CF
:10A280003A4B1A70364B1A78394B1A70354B1A887C
:10A29000384B1A802D4B1A68374B1A602A4B1A68B4
:10A2A000364B1A602D4B1B681A6A354B1A60354BBA
:10A2B00001221A70344B1C600023264A1370334A63
:10A2C0001370234A136036E00E2626BB0A23238030
:10A2D000E388C3F30B03E38043F44053E380184B5C
:10A2E0001B787BB1302323811A4B1B78012B0CD0B8
:10A2F0000023174A1360254A13701CE00E26E4E77A
:10A300000E26E2E720232381EEE7114A13682B444F
:10A31000136010E0012600230E4A13701B4A1370CD
:10A32000094B186820B102F0DBFB074B00221A60D2
:10A33000074B00221A60304603B0F0BD0326EAE75F
:10A3400081170024DC160024A01700248C17002499
:10A3500088170024801700247F170024A4170024E6
:10A360009317002490170024B417002482170024A8
:10A37000B5170024AC170024B0170024A817002438
:10A38000981700247E1700249C170024921700249D
:10A3900010B5039C602918BF002905D0B4F808C087
:10A3A0002CF0FF0CA4F808C0002842D1E088C0F3CC
:10A3B0000B00E08040F44050E080402908D00029A4
:10A3C0002ED10A232380238943F0200323813FE0F9
:10A3D0000299013903290FD80A232380029BDBB29B
:10A3E000C3F1040342F0030242EA830322891343C8
:10A3F00043F0400323812BE002998B420BD20A33B6
:10A400002380029BA3811B0CE38142F0410223893C
:10A410001A4322811CE0029B9BB20A332380F0E79F
:10A42000602915D00A232380238943F06003238108
:10A430000EE00A232380E388C3F30B03E38043F495
:10A440000053E38080232381054B53F82030E360E1
:10A4500002212046FEF71CFD08B1024B1C6010BD16
:10A46000EC390108081400242DE9F04F89B0078960
:10A47000B0F80090994B1E78002E40F0FF81054601
:10A480005FFA87FB07F0E004402C05D039D8002C98
:10A4900000F0C081202C2DD16B894FEA032A0AEBF2
:10A4A000172A1FFA8AFA1B0A03935046FEF716FE74
:10A4B0000490002800F0CC810BF0100205921346A6
:10A4C000024603995046FEF723FE0290402C29D005
:10A4D0000BF002030696DDF8088000220792202C7C
:10A4E00045D0059B002B70D0039B012B6BD94FF0FF
:10A4F00005090FE04FF00008CDF808804FF0030980
:10A5000008E0602C00F086814FF00008CDF808804C
:10A510004FF00309B9F1FF0F40F0A481304609B0B4
:10A52000BDE8F08FB9F10A0F40F0AA81431E032B5A
:10A5300009D805F10C0307930023AB81EB81069644
:10A5400080460123CBE7664BB3F80080A8F11008E2
:10A55000029B434505D805F1100307930696334641
:10A56000BDE733460122069200220792B7E75BB1AE
:10A57000B9F10A0F40F08681CBF38108C8F10408D5
:10A5800005F10C030793ACE7EB89B5F80C8008EBF9
:10A59000034808F11002534B1B889A420DD9063B21
:10A5A000994540F0718105F110030793A9F10A0361
:10A5B000434596D20123069393E708F10A03994590
:10A5C000F1D00826AAE701230593069B002B00F093
:10A5D000AF800123444A1370444A1370444B059AD8
:10A5E0001A70444BA3F800A0434B039A1A70434BD4
:10A5F000049A1A60402C25D0414BC3F80080414B8F
:10A60000186820B102F06CFA3E4B00221A603C4BF5
:10A610001868013020F0010002F05AFA394B186036
:10A62000A0B1402C19D0A9F10A08424605F1100149
:10A63000F6F708F8344B00221A70B146334BC3F8D2
:10A64000008067E72E4B029A1A60D8E7059B002B23
:10A6500000F005814FF005095CE7059B0193009030
:10A66000049B029A03995046FFF724F8814600287C
:10A6700029D0FF28E2D1264B04221A70254B059AD7
:10A680001A70254B039A1A70244BA3F800A0244B90
:10A69000029A1A601B4B1A68224B1A60049BDA69F3
:10A6A000214B1A600D4B01221A70204B1D602B8923
:10A6B00003F47F432B8107F0F0073B432B81124BC0
:10A6C00060221A702AE742460E4B196805F1100005
:10A6D000F5F7B8FF0C4B60221A70AFE77E17002425
:10A6E000DE160024DC1600248017002481170024C5
:10A6F0007F1700249017002493170024A417002428
:10A700008C170024A0170024921700248817002417
:10A71000B417002482170024B5170024AC170024B6
:10A72000B0170024A8170024981700249C170024B1
:10A73000029B43B9554BA3F800A0554B039A1A70DE
:10A74000544B049A1A60402C31D0059B0193079B0F
:10A750000093049B424603995046FFF7DDF981467A
:10A76000FF287FF4D7AE01234B4A13704B4A05995B
:10A7700011704B4A039911704A4AA2F800A04A4A44
:10A78000C2F80080494A07991160049A116A484A40
:10A790001160484A1370484B1D602B8903F47F42B7
:10A7A0002A8107F0F00313432B81069EB6E6059B32
:10A7B0000193079B0093049B029A03995046FEF76E
:10A7C00079FF8146FF287FF4A5AE334B03221A7030
:10A7D000324B059A1A70324B039A1A70314BA3F818
:10A7E00000A0314B029A1A60304B079A1A60049B02
:10A7F000DA692F4B1A602F4B01221A702E4B1D6005
:10A800002B8903F47F432B8107F0F0073B432B8117
:10A81000069E83E6294B1B78A34206D04FF0000822
:10A82000CDF808804FF0030974E644B92846FFF7D5
:10A830007FFC81464FF00008CDF808806AE6284684
:10A84000FFF7D8FB81464FF00008CDF8088061E69D
:10A850004FF00008CDF808804FF008095AE64FF095
:10A86000040957E60195029B00931FFA88F30BF049
:10A87000100221464846FFF78BFD4FE609264DE6BC
:10A8800008264BE6082649E6082647E690170024E6
:10A8900093170024A4170024B4170024821700245F
:10A8A000B5170024AC170024B0170024A817002403
:10A8B000981700247E1700249C1700249217002468
:10A8C0002A4B1B78002B50D02DE9F04383B005466E
:10A8D0000C461146264BD3F8008098F8082002F069
:10A8E000E00902F01007B9F1400F0FD000261F4B0E
:10A8F00000221A70CDF80480009433463A46494647
:10A900002846FFF745FD03B0BDE8F083194B1E88CC
:10A91000103EB6B2A6420AD3631E032B1DD808F11F
:10A920000C008842E3D02246F5F78CFEDFE70123D6
:10A93000114A1370114A1370114B1F70114B1C6098
:10A94000114B60221A70114B1960324608F1100049
:10A95000F5F778FE0E4B1E60C9E708F1100088423B
:10A96000C5D02246F5F76EFEC1E770477E1700247A
:10A970009C170024DE160024801700248117002471
:10A980007F1700248C17002492170024A01700249E
:10A99000881700242DE9F04184B0044600238DF887
:10A9A0000F30057A05F07F05052D30D00388072B81
:10A9B00040F24B81032D00F0AE80052D00F0AB80FE
:10A9C000012D29D003238DF80F3002219DF80F307F
:10A9D0009BB10A232380238923F07F039BB2238129
:10A9E00043F007032381002363819DF80F00984AF9
:10A9F00052F82020E260974A13802046FEF748FA7A
:10AA000010B1954B1C60002004B0BDE8F0810388B4
:10AA1000092BCFD80620F7E7A589052D01D90221FA
:10AA2000D4E7EDB28D4B20686168A26807C3A289A4
:10AA30001A80681EC6B265BB864B00221A8008E0E9
:10AA40002846FEF744FCA31D2A1D23F812000135F9
:10AA5000EDB2042DF4D9122323809DF80F30002B82
:10AA600040F0ED80238923F07F039BB2238143F0E4
:10AA700002032381774A12886281002A00F0E18074
:10AA800023F080039BB2238143F080032381822142
:10AA90009CE7704B1988F1B1714B1A880C3A92B24D
:10AAA00004F10C036F480088ADF80C0001396948C7
:10AAB00001800DF10F01009103A93046FEF73CFC27
:10AAC000684BBDF80C201A80654B1B881B1A9BB283
:10AAD000063B9BB2C0E73046FEF7F9FB4FF48053CC
:10AAE000ADF80C305E4B1988A1F10E0292B204F160
:10AAF0000E034500B2EB400F09DA0C3989B2A81AEF
:10AB00004D1E284490FBF1F152480180D1E7514994
:10AB100000200880CDE7A089ADF80C00B0F5805F7B
:10AB200004D205238DF80F3002214FE7FEF7D6FA45
:10AB3000064600287ED0032D19D0A77BFEF762FCC5
:10AB400083789F4235D911238DF80F3000239DF86B
:10AB50000F20002A77D162812380238923F07F038D
:10AB60009BB2238101351D43258102212EE7FEF78B
:10AB700049FC0368C4F80E30002332461946BDF87C
:10AB80000C00FEF731FB00F10C039BB2344A128833
:10AB9000063A934201D90C23D9E704F11203324655
:10ABA0000021BDF80C00FEF71FFB00F10C039BB267
:10ABB000CDE739463046FEF779FB03682361838889
:10ABC000A382A37BE3813046FEF71CFC4388C3F3DA
:10ABD0000323083B9BB2012B0FD877B9224B18688F
:10ABE00059689A68C4F81600C4F81A10C4F81E20F0
:10ABF0001B7B84F822301C23A9E700233246394608
:10AC0000BDF80C00FEF7F0FA00F110039BB2144AF5
:10AC10001288063A934201D9102398E704F11603EB
:10AC200032463946BDF80C00FEF7DEFA00F110039B
:10AC30009BB28CE708238DF80F300221C6E6022173
:10AC4000C4E60221C2E60221C0E60620DCE600BF1F
:10AC5000EC3901088417002408140024701700241C
:10AC6000DE160024861700246C06002408B5024B6B
:10AC7000186800F0BFF808BDB817002408B5024BEB
:10AC8000186800F0B7F808BDBC17002408B5F7F73E
:10AC9000E8FA10F0800F00D108BD024B186800F0F0
:10ACA000A9F8F9E7B817002408B54FF0E0231B69AD
:10ACB00001F062FC012800D108BD00F003FAFBE7B7
:10ACC000EFF305832BB9064B186828B901221A60E7
:10ACD00070476FF0050070474FF0FF30704700BFBE
:10ACE000CC1A0024EFF3058373B90A4B1B68012BC0
:10ACF0000DD110B50024084BDC77064B02221A60F8
:10AD000001F098F9204610BD6FF0050070474FF034
:10AD1000FF307047CC1A002400ED00E0F0B587B09A
:10AD200000240594EFF3058474BB68B322B315685F
:10AD3000936903B918235C1E372C49D8546814F062
:10AD4000010F47D156696EB14FEA960C94682CB149
:10AD5000D7685B2F02D9176907B1C6B92CB14FF07C
:10AD6000FF340EE04FF0800CF0E7D4688CB9146922
:10AD700094B14FF0FF3404E01546002418234FF03F
:10AD8000800C012C0AD0ACB1059807B0F0BD0124AD
:10AD9000F7E74FF0FF34F4E70024F2E71469926814
:10ADA0000292019400930B466246294601F0D2F8C4
:10ADB0000590E9E705AA019200930B461FFA8CF271
:10ADC000294601F002F90128DED000230593DBE7D4
:10ADD0000020DAE70020D8E708B5EFF3058333B9A0
:10ADE00008B9002008BD01F089FA0020FAE76FF0E9
:10ADF0000500F7E720B300B583B0EFF30583A3B1F7
:10AE00000023019301A900F0D2FD01281BD1019874
:10AE100098B14FF0E0234FF08052C3F8042DBFF3F8
:10AE20004F8FBFF36F8F002007E000231A461946AB
:10AE300000F092FC012809D1002003B05DF804FB6A
:10AE40006FF0030070476FF00200F6E76FF002004A
:10AE5000F3E70000034B0360034B0B608023136098
:10AE6000704700BF701A002470180024034B036061
:10AE7000034B0B604FF4807313607047D01E0024A7
:10AE8000D01A002400F1080343604FF0FF328260C3
:10AE9000C3600361002303607047002303617047B0
:10AEA00043684B609A688A605160996008610368E2
:10AEB00001330360704730B40D68B5F1FF3F11D026
:10AEC00000F108031C465B681A68AA42FAD9636855
:10AED0004B6099608C6061600861036801330360B6
:10AEE00030BC70470469F2E70369416882688A6090
:10AEF000416851605A68824206D0002202611A6895
:10AF0000013A1A601868704782685A60F5E70000D5
:10AF100082B0002301930D4B1B68B3F1FF3F08D0B3
:10AF20004FF0500383F31188BFF36F8FBFF34F8F40
:10AF3000FEE74FF0500383F31188BFF36F8FBFF329
:10AF40004F8F019B002BFCD002B070478806002475
:10AF500008480068006880F308884FF0000080F31C
:10AF6000148862B661B6BFF34F8FBFF36F8F00DFF7
:10AF700000BF000008ED00E0DFF80C00016841F4BC
:10AF8000700101607047000088ED00E04FF08073B1
:10AF900040F8043C21F0010140F8081C054B40F842
:10AFA0000C3C40F8202C6FF0020340F8243C44385D
:10AFB000704700BF11AF0008000000000000000053
:10AFC000074B19680868B0E8F04F80F30988BFF3B1
:10AFD0006F8F4FF0000080F311887047AFF300804F
:10AFE000945B00244FF0500383F31188BFF36F8FFD
:10AFF000BFF34F8F0B4A136801331360012B00D04E
:10B0000070474FF0E023D3F8043D13F0FF0FF7D063
:10B010004FF0500383F31188BFF36F8FBFF34F8F4F
:10B02000FEE700BF88060024094B1B6843B94FF0B8
:10B03000500383F31188BFF36F8FBFF34F8FFEE789
:10B04000013B034A13600BB983F31188704700BFBB
:10B05000880600240000000000000000000000003E
:10B06000EFF30980BFF36F8F154B1A681EF0100FB6
:10B0700008BF20ED108A20E9F04F10602DE909008B
:10B080004FF0500080F31188BFF34F8FBFF36F8FE5
:10B0900001F05AF94FF0000080F3118809BC1968DB
:10B0A0000868B0E8F04F1EF0100F08BFB0EC108A2F
:10B0B00080F30988BFF36F8F704700BFAFF3008044
:10B0C000945B002408B54FF0500383F31188BFF35D
:10B0D0006F8FBFF34F8F01F009F828B14FF0E023D5
:10B0E0004FF08052C3F8042D002383F3118808BD6C
:10B0F0004FF0E022002313619361054B1B68054963
:10B10000A1FB03139B09013B5361072313617047A4
:10B1100000000024D34D62104FF0E023D3F8002D3F
:10B120003D4B9A421CD04FF0E023D3F8002D3B4B0F
:10B130009A421ED030B583B0394B1A78D2B2019200
:10B14000FF221A701B78DBB28DF803309DF80330B4
:10B1500003F05003334A1370334B07221A601BE08D
:10B160004FF0500383F31188BFF36F8FBFF34F8FFE
:10B17000FEE74FF0500383F31188BFF36F8FBFF3E7
:10B180004F8FFEE7284A1368013B13609DF8033098
:10B190005B00DBB28DF803309DF8033013F0800FB5
:10B1A000F0D1214B1B68032B08D04FF0500383F3E1
:10B1B0001188BFF36F8FBFF34F8FFEE71B021A4A50
:10B1C000136003F4E0631360019BDBB2144A137055
:10B1D0004FF0E024D4F8203D43F47003C4F8203D40
:10B1E000D4F8203D43F07043C4F8203DFFF780FFC2
:10B1F00000250E4B1D60FFF7BFFED4F8343F43F02F
:10B200004043C4F8343FFFF7A3FE01F09DF8FFF779
:10B210007FFE284603B030BD71C20F4170C20F419E
:10B2200000E400E02C1F0024301F002488060024C6
:10B23000EFF305830F2B0FD9114A9B5CDBB2114A48
:10B2400012789A4208D94FF0500383F31188BFF364
:10B250006F8FBFF34F8FFEE74FF0E023D3F80C3D25
:10B2600003F4E063084A1268934208D94FF0500390
:10B2700083F31188BFF36F8FBFF34F8FFEE77047E3
:10B28000F0E300E02C1F0024301F0024124A12F0CB
:10B29000070F1ED0D11D21F00701C1F570531344D3
:10B2A0000A460E480260002141601344083B23F027
:10B2B00007030B48036059601960991A51601360C5
:10B2C000084B1960084B1960084B4FF000421A6098
:10B2D00070474FF47053E4E7381F00244C5B0024A0
:10B2E000341F0024405B00243C5B0024385B0024B6
:10B2F000164B1A461B688342FBD3516802EB010CC4
:10B30000844509D0416800EB010C634509D0036016
:10B31000904219D010607047406801445160104657
:10B32000F0E710B40A4C2468A3420BD05B681944C0
:10B33000416013681B680360904200D010605DF8A4
:10B34000044B70470460F7E7704700BF4C5B002474
:10B35000341F002470B5054600F0BAFE364B1B685A
:10B36000A3B1364B1B681D424ED135B1083515F0DF
:10B37000070F02D025F007050835002D46D0304BC9
:10B380001B68AB4251D32F4A146804E0FFF77EFFDD
:10B39000E7E722461C466368AB4202D22368002BD3
:10B3A000F7D1254B1B68A34241D0166808362368A5
:10B3B000136063685B1B102B10D9601910F0070F26
:10B3C00008D04FF0500383F31188BFF36F8FBFF3A2
:10B3D0004F8FFEE743606560FFF78AFF6268184998
:10B3E0000B689B1A0B60184909688B4201D21649F9
:10B3F0000B60124B1B681343636000232360134AE6
:10B4000013680133136002E0002600E0002600F01C
:10B41000F9FE16F0070F0CD04FF0500383F311889C
:10B42000BFF36F8FBFF34F8FFEE70026EFE70026D5
:10B43000EDE7304670BD00BF341F0024385B0024A8
:10B440003C5B00244C5B0024405B0024445B0024F4
:10B45000002834D038B50446A0F1080550F8043C63
:10B46000174A1268134208D14FF0500383F3118832
:10B47000BFF36F8FBFF34F8FFEE750F8081C41B149
:10B480004FF0500383F31188BFF36F8FBFF34F8FDB
:10B49000FEE723EA020340F8043C00F019FE54F8EA
:10B4A000041C084A13680B4413602846FFF720FF6A
:10B4B000054A13680133136000F0A4FE38BD7047DD
:10B4C000385B00243C5B0024485B002410B5044634
:10B4D000FFF788FDA26BE36B9A4204D00024FFF7CC
:10B4E000A3FD204610BD0124F9E710B50446FFF77F
:10B4F00079FDA36B23B90124FFF796FD204610BD0B
:10B500000024F9E770B504461546866B026C5AB9FB
:10B5100003681BB100200136A66370BD806801F08E
:10B520003BF80023A360F6E76DB94068F5F78AF8A9
:10B53000226C636813446360A268934219D3236842
:10B5400063602846E7E7C068F5F77CF8226C514253
:10B55000E3689B1AE3602268934202D2A3680B441B
:10B56000E360022D01D00020D5E726B1013E002086
:10B57000D1E72846CFE70020CDE70346026C6AB149
:10B5800010B50846D9681144D9609C68A14201D31E
:10B590001968D960D968F5F755F810BD704738B506
:10B5A0000546FFF71FFD95F8454064B201E0013CF8
:10B5B00064B2002C0ADD6B6A43B105F1240000F08F
:10B5C00041FF0028F3D000F0D1FFF0E7FF2385F81A
:10B5D0004530FFF729FDFFF705FD95F8444064B2BB
:10B5E00001E0013C64B2002C0ADD2B6943B105F196
:10B5F000100000F027FF0028F3D000F0B7FFF0E7BD
:10B60000FF2385F84430FFF70FFD38BD38B5E0B1B2
:10B610000D460446FFF7E6FC2368E26B216C01FB54
:10B620000230A0600020A0636360013A02FB013396
:10B63000E360FF2384F8443084F84530FDB9236982
:10B6400063B9FFF7F1FC012038BD4FF0500383F3DD
:10B650001188BFF36F8FBFF34F8FFEE704F1100027
:10B6600000F0F0FE0028ECD04FF0E0234FF08052C5
:10B67000C3F8042DBFF34F8FBFF36F8FE1E704F1E1
:10B680001000FFF7FFFB04F12400FFF7FBFBD8E7F6
:10B6900038B51D46049C0B4649B92460E063236419
:10B6A00001212046FFF7B2FF84F84C5038BD2260DC
:10B6B000F4E740B94FF0500383F31188BFF36F8F65
:10B6C000BFF34F8FFEE710B584B01C4683B10B1E4D
:10B6D00018BF0123002A08BF43F001038BB94FF0C4
:10B6E000500383F31188BFF36F8FBFF34F8FFEE7D3
:10B6F0004FF0500383F31188BFF36F8FBFF34F8F69
:10B70000FEE7B1FA81F35B09002A18BF43F0010399
:10B7100043B94FF0500383F31188BFF36F8FBFF32A
:10B720004F8FFEE750230393039B502B08D04FF01D
:10B73000500383F31188BFF36F8FBFF34F8FFEE782
:10B74000039B012384F8463000949DF81830FFF7DE
:10B750009FFF204604B010BDF0B585B0019288B1BE
:10B760000F461D460446B1B1022D20D1E36B012BDB
:10B770001DD04FF0500383F31188BFF36F8FBFF3D9
:10B780004F8FFEE74FF0500383F31188BFF36F8FA5
:10B79000BFF34F8FFEE7036C002BE5D04FF0500353
:10B7A00083F31188BFF36F8FBFF34F8FFEE700F075
:10B7B000E3FE064658B9019B002B48D04FF05003DA
:10B7C00083F31188BFF36F8FBFF34F8FFEE700261F
:10B7D0003DE02A4639462046FFF794FE636A7BB96E
:10B7E00048B14FF0E0234FF08052C3F8042DBFF36F
:10B7F0004F8FBFF36F8FFFF717FC012005B0F0BD2F
:10B8000004F1240000F01EFE0028F4D04FF0E023E5
:10B810004FF08052C3F8042DBFF34F8FBFF36F8FEB
:10B82000E9E7FFF701FC0020E8E702A800F050FE7E
:10B83000012619E0002384F8443021E0002384F835
:10B84000453023E02046FFF7AAFE00F0DBFCFFF7BF
:10B85000C9FBA26BE36B9A42BBD3022DB9D0019B0B
:10B86000002BDED0002EE0D0FFF7DEFB00F030FC36
:10B87000FFF7B8FB94F8442052B2B2F1FF3FD9D0A1
:10B8800094F8452052B2B2F1FF3FD7D0FFF7CCFB7E
:10B8900001A902A800F028FED8B92046FFF716FE3D
:10B8A0000028CFD0019904F1100000F097FD204648
:10B8B000FFF775FE00F0A6FC0028C8D14FF0E0238A
:10B8C0004FF08052C3F8042DBFF34F8FBFF36F8F3B
:10B8D000BDE72046FFF763FE00F094FC00208DE7F3
:10B8E0002DE9F84390B10F4616461C460546B1B106
:10B8F000022C20D1EB6B012B1DD04FF0500383F3B2
:10B900001188BFF36F8FBFF34F8FFEE74FF05003E7
:10B9100083F31188BFF36F8FBFF34F8FFEE7036C84
:10B92000002BE5D04FF0500383F31188BFF36F8FE6
:10B93000BFF34F8FFEE7FFF77BFCEFF311894FF06A
:10B94000500383F31188BFF36F8FBFF34F8FAA6B40
:10B95000EB6B9A4206D3022C04D0002089F31188A5
:10B96000BDE8F88395F845804FFA88F8AB6B22461E
:10B9700039462846FFF7C6FDB8F1FF3F06D008F16B
:10B9800001035BB285F845300120E7E76B6A0BB92C
:10B990000120E3E705F1240000F054FD18B126B1C1
:10B9A00001203060DAE70120D8E70120D6E768B14E
:10B9B00070B50C460546036C8BB14FF0500383F312
:10B9C0001188BFF36F8FBFF34F8FFEE74FF0500327
:10B9D00083F31188BFF36F8FBFF34F8FFEE70368C8
:10B9E000EBB1FFF725FCEFF311864FF0500383F323
:10B9F0001188BFF36F8FBFF34F8FAA6BEB6B93422E
:10BA000026D995F845305BB20132AA63B3F1FF3F06
:10BA100011D001335BB285F84530012019E083680D
:10BA2000002BDED04FF0500383F31188BFF36F8FEC
:10BA3000BFF34F8FFEE76B6A0BB9012009E005F1F8
:10BA4000240000F0FFFC38B144B10120206000E088
:10BA5000002086F3118870BD0120FAE70120F8E785
:10BA6000F0B585B0019290B10F460446C1B100F027
:10BA700083FD064600BB019B002B5ED04FF05003B8
:10BA800083F31188BFF36F8FBFF34F8FFEE74FF043
:10BA9000500383F31188BFF36F8FBFF34F8FFEE71F
:10BAA000036C002BE3D04FF0500383F31188BFF3F6
:10BAB0006F8FBFF34F8FFEE700263EE039462046EA
:10BAC000FFF75BFD013DA563236923B9FFF7ACFADE
:10BAD000012005B0F0BD04F1100000F0B3FC002817
:10BAE000F4D04FF0E0234FF08052C3F8042DBFF3A1
:10BAF0004F8FBFF36F8FE9E7FFF796FA0020E8E773
:10BB000002A800F0E5FC012621E0002384F844307F
:10BB100029E0002384F845302BE02046FFF73FFD65
:10BB200000F070FB09E02046FFF739FD00F06AFBEA
:10BB30002046FFF7DAFC00283FD1FFF753FAA56B48
:10BB4000002DBBD1019B002BD6D0002ED8D0FFF703
:10BB50006BFA00F0BDFAFFF745FA94F844305BB297
:10BB6000B3F1FF3FD1D094F845305BB2B3F1FF3F62
:10BB7000CFD0FFF759FA01A902A800F0B5FC0028C0
:10BB8000D1D12046FFF7B1FC0028C6D0019904F1BD
:10BB9000240000F023FC2046FFF701FD00F032FBFB
:10BBA0000028CAD14FF0E0234FF08052C3F8042D93
:10BBB000BFF34F8FBFF36F8FBFE7002089E700000F
:10BBC0000023072B0CD8074A52F833200AB101335F
:10BBD000F7E7044A42F8331002EBC303586070479A
:10BBE000704700BF545B002470B504460D461646EE
:10BBF000FFF7F8F994F844305BB2B3F1FF3F0DD092
:10BC000094F845305BB2B3F1FF3F0BD0FFF70CFA6D
:10BC1000A36B5BB12046FFF7C2FC70BD002384F824
:10BC20004430EDE7002384F84530EFE732462946FB
:10BC300004F1240000F0EAFBECE70000084B1B686D
:10BC40001B6823B9074B4FF0FF321A607047044B53
:10BC50001B68DB68DB685A68024B1A60704700BFDC
:10BC6000985B0024406000242DE9F04780460D4693
:10BC700017469946089EDDF824A00A9C9200A5214B
:10BC8000206B01F061FA236B6FF040423A4403EB02
:10BC9000820727F00707B5B34FF0000CBCF10F0F78
:10BCA0000BD815F80C2004EB0C0383F8342015F89E
:10BCB0000C3013B10CF1010CF0E7002384F8433091
:10BCC000372E00D93726E662E66400252565201D5B
:10BCD000FFF7E3F804F11800FFF7DFF82461C6F17D
:10BCE0003806A6616462656584F858504A46414644
:10BCF0003846FFF74BF92060BAF1000F01D0CAF8BF
:10BD00000040BDE8F087002384F83430D8E7000015
:10BD100038B5002407E004EB840293000E48184471
:10BD2000FFF7B0F80134372CF5D90C4D2846FFF752
:10BD3000A9F80B4C2046FFF7A5F80A48FFF7A2F830
:10BD40000948FFF79FF80948FFF79CF8084B1D606A
:10BD5000084B1C6038BD00BFA05B002414600024A9
:10BD6000286000244C600024786000246460002473
:10BD7000985B00249C5B002410B50446FFF732F961
:10BD8000224A136801331360214B1B685BB1214BBE
:10BD90001B686BB91E4B1B68DA6AE36A9A4207D8C4
:10BDA0001B4B1C6004E01A4B1C601368012B29D04C
:10BDB000194A1368013313606364E06A174B1B6808
:10BDC000984201D9154B186000EB8000211D144BDF
:10BDD00003EB8000FFF764F8FFF726F90D4B1B68B3
:10BDE0007BB10B4B1B68DA6AE36A9A4209D24FF0C7
:10BDF000E0234FF08052C3F8042DBFF34F8FBFF301
:10BE00006F8F10BDFFF784FFD2E700BF00600024F2
:10BE1000945B0024606000240C6000241060002407
:10BE2000A05B002410B5044690F8593063B1012B93
:10BE300011D0022B0ED04FF0500383F31188BFF3C3
:10BE40006F8FBFF34F8FFEE7006BFFF701FB2046BC
:10BE5000FFF7FEFA10BDFFF7FBFAFBE70F4B1B687D
:10BE6000D3B110B5FFF7BEF80D4BDB68DC68201DC1
:10BE7000FFF73AF80B4A1368013B1360074A13684F
:10BE8000013B1360FFF7D0F82046FFF7CBFF034BD1
:10BE90001B68002BE6D110BD704700BF0460002472
:10BEA000786000240060002408B5FFF7D7FF074B37
:10BEB0001B68012BF9D94FF0E0234FF08052C3F8F3
:10BEC000042DBFF34F8FBFF36F8FEEE7A05B00240D
:10BED00070B504460D46194B1E68194B186804309E
:10BEE000FFF702F8B4F1FF3F14BF00230123002D38
:10BEF00008BF00236BB93444114B1B685C60A64239
:10BF00000ED9104B18680E4B19680431FEF7D3FF99
:10BF100070BD0B4B196804310B48FEF7C1FFF7E702
:10BF20000A4B1868064B19680431FEF7C4FF084B2A
:10BF30001B68A342ECD9064B1C60E9E78C60002427
:10BF4000945B00249C5B002464600024985B0024C4
:10BF50004060002430B587B00B9C7CB10C9DB5B11E
:10BF60005C250495049D5C2D1AD04FF0500383F39B
:10BF70001188BFF36F8FBFF34F8FFEE74FF0500371
:10BF800083F31188BFF36F8FBFF34F8FFEE74FF03E
:10BF9000500383F31188BFF36F8FBFF34F8FFEE71A
:10BFA000049D0C9D2C63022485F8594000240394C1
:10BFB000029505AC01940A9C0094FFF755FE0C987D
:10BFC000FFF7DAFE059807B030BD2DE9F04385B0E4
:10BFD0000746884614461E469000FFF7BBF900B39B
:10BFE00081465C20FFF7B6F90546B0B1C0F8309045
:10BFF000E5B1002385F85930039302950D9B019319
:10C000000C9B00933346224641463846FFF72CFEF0
:10C010002846FFF7B1FE012005E04846FFF718FA71
:10C02000E6E74FF0FF3005B0BDE8F0834FF0FF309A
:10C03000F9E7000010B588B000240594069407AA1B
:10C0400006A905A8FEF706FF059B0293069B019330
:10C0500000942346079A18491848FFF77BFF184BAE
:10C06000186040B100F050FB012806D0B0F1FF3F4E
:10C0700018D008B010BD0020F6E74FF0500383F34E
:10C080001188BFF36F8FBFF34F8F0E4B4FF0FF320E
:10C090001A600D4B01221A600C4B00221A60FFF748
:10C0A0003BF8E6E74FF0500383F31188BFF36F8F3F
:10C0B000BFF34F8FFEE700BF643A0108A9BE000836
:10C0C0003C60002440600024606000248C600024F8
:10C0D000024A136801331360704700BF08600024F0
:10C0E000014B1868704700BF8C600024F8B53A4BCC
:10C0F0001B68002B69D1394B1D6801351D60C5B91E
:10C10000374B1B681B6843B14FF0500383F3118812
:10C11000BFF36F8FBFF34F8FFEE7314A1168314B8A
:10C12000186810601960304A136801331360FFF714
:10C1300085FD2E4B1B68AB423DD900272C4B1B685D
:10C14000DB6A03EB83039A002A4B9B58012B00D92F
:10C150000127294B1B68002B3CD001273AE001271F
:10C160001F4B1B681B6843B31D4B1B68DB68DC68F7
:10C1700063689D4226D3261D3046FEF7B5FEA36AAE
:10C180001BB104F11800FEF7AFFEE36A1B4A126808
:10C19000934201D9194A136003EB83039A00314695
:10C1A00014481044FEF77CFEE26A114B1B68DB6A00
:10C1B0009A42D4D2D4E70027D2E70C4B4FF0FF329B
:10C1C0001A60BBE7094A1360B8E70D4A13680133E8
:10C1D000136000273846F8BD086000248C600024F6
:10C1E000985B00249C5B0024446000244060002491
:10C1F000945B0024A05B0024906000241060002465
:10C200004860002438B5354B1B6843B94FF05003E4
:10C2100083F31188BFF36F8FBFF34F8FFEE7FEF7F5
:10C22000E1FE2E4B1A68013A1A601B68002B4FD1B1
:10C230002B4B1B680BB900244BE00024294B1B68D7
:10C240001BB3284BDB68DC6804F11800FEF74CFEDA
:10C25000251D2846FEF748FEE06A234B1B689842DE
:10C2600001D9214B186000EB800029461F4B03EBDE
:10C270008000FEF715FEE26A1D4B1B68DB6A9A42DE
:10C28000DCD31C4B01221A60D8E70CB1FFF7D6FCB7
:10C29000194B1C6884B9174B1C68D4B14FF0E023CC
:10C2A0004FF08052C3F8042DBFF34F8FBFF36F8F51
:10C2B00001240EE0013C07D0FFF718FF0028F9D059
:10C2C0000C4B01221A60F5E70B4B00221A60E2E7E3
:10C2D0000024FEF7A9FE204638BD00BF08600024F8
:10C2E000006000244C60002410600024A05B002447
:10C2F000945B0024906000244860002410B5A8B12D
:10C300000446104B1B6843B14FF0500383F3118870
:10C31000BFF36F8FBFF34F8FFEE7FFF7D9FE00210A
:10C320002046FFF7D5FDFFF76DFF48B94FF0E0233A
:10C330004FF08052C3F8042DBFF34F8FBFF36F8FC0
:10C3400010BD00BF086000241F4B1B681BB11F4BB2
:10C3500001221A6070471D4B00221A601C4B1B689B
:10C3600003EB83018A001B498A585AB90BB1013B80
:10C37000F6E74FF0500383F31188BFF36F8FBFF3DD
:10C380004F8FFEE703EB830082000A445068406849
:10C39000506003EB830C4FEA8C0208321144884250
:10C3A0000BD003EB830291000A4A0A445268D16819
:10C3B000094A1160064A136070474068624691005E
:10C3C000044A0A445060ECE70860002490600024AE
:10C3D00010600024A05B0024945B002458B110B5C9
:10C3E0000C46094A11681831FEF765FD0121204607
:10C3F000FFF76EFD10BD4FF0500383F31188BFF3BC
:10C400006F8FBFF34F8FFEE7945B002438B570B198
:10C410000D4614460A4A11681831FEF741FD0CB169
:10C420004FF0FF3521462846FFF752FD38BD4FF04B
:10C43000500383F31188BFF36F8FBFF34F8FFEE775
:10C44000945B002438B5C368DC6824B304F1180594
:10C450002846FEF749FD184B1B682BBB251D2846B7
:10C46000FEF742FDE06A154B1B68984201D9134B59
:10C47000186000EB80002946114B03EB8000FEF7AB
:10C480000FFDE26A0F4B1B68DB6A9A4211D901204B
:10C490000D4B186038BD4FF0500383F31188BFF384
:10C4A0006F8FBFF34F8FFEE729460848FEF7F8FC71
:10C4B000E7E70020EEE700BF0860002410600024DA
:10C4C000A05B0024945B0024906000244C60002456
:10C4D000034B1B680360034B1B684360704700BF3E
:10C4E000446000248C600024F8B5C8B10C460546B1
:10C4F000F9B1FEF777FD1B4B19686B68C81A226803
:10C50000B2F1FF3F26D0184E36682F68B74201D0EF
:10C510008B4224D9824215D80023236001241AE0DB
:10C520004FF0500383F31188BFF36F8FBFF34F8F2A
:10C53000FEE74FF0500383F31188BFF36F8FBFF313
:10C540004F8FFEE75B1A134423602846FFF7C0FFB6
:10C55000002400E00024FEF767FD2046F8BD01241A
:10C56000F9E700BF8C60002444600024014B0122E5
:10C570001A60704790600024054B1B6833B1054B6F
:10C580001B680BB1002070470220704701207047E4
:10C59000606000240860002400283BD038B50446C1
:10C5A0001E4B1B68834208D04FF0500383F3118861
:10C5B000BFF36F8FBFF34F8FFEE7036D43B94FF0AB
:10C5C000500383F31188BFF36F8FBFF34F8FFEE7E4
:10C5D000013B0365C16AC26C91421DD00BB10020C2
:10C5E00038BD051D2846FEF77FFCE06CE062C0F117
:10C5F0003803A3610A4B1B68984201D9084B1860A5
:10C6000000EB80002946074B03EB8000FEF748FC57
:10C610000120E5E7002070470020E1E7945B00245B
:10C6200010600024A05B0024064B1A6813682BB925
:10C630000123036023B9D368186870470023F8E723
:10C64000002070479460002408B541600061914269
:10C650000CD8D21A83699A4201D3012008BD011D6A
:10C660000B4B1868FEF727FC0020F7E79A422CBF17
:10C6700000220122994238BF00220AB10120EDE7D1
:10C68000011D044B1868FEF716FC0020E6E700BF0A
:10C69000986000249460002430B583B0FEF7A2FCBB
:10C6A000114B1B681BB1FEF7BFFC03B030BD0F4D33
:10C6B0002846FEF7E7FB0E4C2046FEF7E3FB0D4B4A
:10C6C0001D600D4B1C60002300930C4B0C4A102185
:10C6D0000A20FEF7EEFF044B18600028E3D009495A
:10C6E000FFF76EFADFE700BFB86100243C61002469
:10C6F0005061002494600024986000246861002444
:10C700009C6000246C3A010810B588B0FFF7C4FFA4
:10C71000124B1B68CBB100240594069407AA06A906
:10C7200005A8FEF7A3FB059B0293069B019302233A
:10C7300000932346079A0A490A48FFF70BFC0A4B65
:10C74000186010B1012008B010BD4FF0500383F302
:10C750001188BFF36F8FBFF34F8FFEE7B8610024DE
:10C76000743A010871CA0008BC610024B8B19C4643
:10C7700003461848006858B300B585B0009101928F
:10C78000029305291CDCFFF7F7FE022810D00023D6
:10C790001A4669460F480068FEF7DEFF15E04FF0C5
:10C7A000500383F31188BFF36F8FBFF34F8FFEE702
:10C7B0000023069A694607480068FEF7CDFF04E0AB
:10C7C000002362466946FFF78BF805B05DF804FB6D
:10C7D00000207047B861002470B582B01B4B1B6805
:10C7E0001A6862B3DB681E68DC68251D2846FEF700
:10C7F0007BFB236A2046984794F8283013F0040FF7
:10C80000ECD0A36933449E4207D263602461294679
:10C810000E4B1868FEF74FFBE0E7002100910B4636
:10C8200032462046FFF7A2FF0028D7D14FF0500331
:10C8300083F31188BFF36F8FBFF34F8FFEE7044A76
:10C84000106802490860136002B070BD9460002453
:10C850009860002438B50546FFF742FC0446074BB4
:10C860001B68834205D800232B60044B1C602046C4
:10C8700038BDFFF7B1FF01232B60F6E764610024A8
:10C8800070B582B006460D4617490968C968CC687C
:10C89000201DFEF729FB94F828C01CF0040F08D1D6
:10C8A0002CF0010C84F828C0236A2046984702B077
:10C8B00070BDA16933462A4631442046FFF7C4FEC5
:10C8C0000028F1D0002100910B4632462046FFF7A8
:10C8D0004DFF0028E8D14FF0500383F31188BFF3D8
:10C8E0006F8FBFF34F8FFEE79460002470B582B066
:10C8F00006460C46FFF7ECFB01A8FFF7ABFF019BD8
:10C900003BBB0546B04228BF002C19D024B1134AC6
:10C9100012681268DAB901242246711B104B18689C
:10C92000FFF762F9FFF76EFCA8B94FF0E0234FF074
:10C930008052C3F8042DBFF34F8FBFF36F8F0AE00F
:10C94000FFF760FC29463046FFF79AFF03E01C46DC
:10C95000E2E7FFF757FC02B070BD00BF986000240B
:10C96000B861002410B588B002E0049B002B0FDAF8
:10C97000002204A93D4B1868FFF772F8002873D015
:10C98000049B002BF1DA07990698059B9847ECE782
:10C99000069C636913B1201DFEF7A6FA03A8FFF7F2
:10C9A00059FF049B092BE3D8DFE803F005050530A8
:10C9B00037500505303794F8283043F0010384F8E8
:10C9C0002830059BA169024619442046FFF73CFE2A
:10C9D0000028CDD0236A2046984794F8283013F0D9
:10C9E000040FC5D0A269002100910B4605980244AE
:10C9F0002046FFF7BBFE0028BAD14FF0500383F367
:10CA00001188BFF36F8FBFF34F8FFEE794F8283084
:10CA100023F0010384F82830AAE794F8283043F083
:10CA2000010384F828300599A16131B1034602461B
:10CA300001442046FFF708FE9AE74FF0500383F3C6
:10CA40001188BFF36F8FBFF34F8FFEE794F8283044
:10CA500013F0020F04D023F0010384F8283087E795
:10CA60002046FEF7F5FC83E708B010BDB86100244E
:10CA700000B583B001A8FFF7D7FD0199FFF736FF96
:10CA8000FFF770FFF6E7000070B50D4E0D4D761BF9
:10CA9000B61006D0002455F8043B01349847A6424E
:10CAA000F9D1094E094D761B06F0B6F9B61006D03D
:10CAB000002455F8043B01349847A642F9D170BDD3
:10CAC000843E0108843E01088C3E0108843E010832
:10CAD000024B0146186800F00BB800BF8C0600241A
:10CAE000024B0146186803F063BD00BF8C060024AA
:10CAF0002DE9F04F01F10B06162E83B0044624D821
:10CB0000102900F2BA8000F071FB102618220220D2
:10CB1000B54F3A44A2F1080153688B4200F0BA8045
:10CB20005A68D96822F003021A449D68E9608D6052
:10CB3000516841F001012046516003F1080500F001
:10CB40005BFB284603B0BDE8F08F36F0070600F126
:10CB50009480B14200F2918000F048FBB6F5FC7F72
:10CB6000C0F09A81730A00F08F80042B00F26F816D
:10CB7000B30903F1390003F1380CC3009A4F3B4469
:10CB8000A3F108055B689D4206D10CE0002980F204
:10CB90002781DB689D4206D05A6822F00302911B70
:10CBA0000F29F3DD60463D69DFF850C265457CD052
:10CBB0006A6822F00302931B0F2B00F37B81002B8A
:10CBC000C7E904CC80F26C81B2F5007F80F01A8155
:10CBD000D308796801334FEA521E012202FA0EF29D
:10CBE0000A4357F833E0C5F808E007EBC3010839FA
:10CBF000E9607A6047F83350CEF80C508310012179
:10CC00009940914257D8114206D120F003004900C3
:10CC1000114200F10400FAD007EBC0094D468646E8
:10CC2000D5F80C80454508D11DE1002B80F2248108
:10CC3000D8F80C80454500F01681D8F8042022F081
:10CC40000302931B0F2BF0DD2046D8E9025408EBBA
:10CC5000060146F00106C8F80460EC60A56043F0E8
:10CC60000104C7E90411C1E902CC4C6048F8023064
:10CC700000F0C2FA08F1080502E00C232360002549
:10CC8000284603B0BDE8F08F4FF4007340204FF00A
:10CC90003F0C73E7D3689A4208BF02307FF440AF7D
:10CCA0003D69DFF858C1654582D17A68831001215A
:10CCB00099409142A7D9BD686B6823F003094E459E
:10CCC00003D8A9EB06030F2B7ADCDFF834B1474B0E
:10CCD000DBF800201B680132334405EB090A00F041
:10CCE000338103F580530F3323F47F6828F00F0856
:10CCF0004146204600F0F0FA411C024600F0F38065
:10CD0000824500F2EE803A4B1968414419600846AA
:10CD100000F04E81DBF80010019301311BBFA2EB44
:10CD20000A0A5044CBF80020186012F0070B00F0FC
:10CD30001781CBF108010A44CBF5805190440831AA
:10CD4000A1EB0801C1F30B0A51462046009200F006
:10CD5000C3FA421CDDE9002300F04F81801A00EB8A
:10CD60000A081968BA6048F001005144BD42506099
:10CD7000196000F02981B9F10F0F40F2278168682E
:10CD8000A9F10C0C2CF0070C00F0010040EA0C009B
:10CD900068604FF0050E05EB0C00BCF10F0FC0E909
:10CDA00001EE00F2328150681546124B1A688A4231
:10CDB00038BF1960104B1A688A4238BF196094E076
:10CDC000AA1943F0010346F001066E602046BA60DE
:10CDD000536000F011FA0835284603B0BDE8F08F23
:10CDE000D9681A44A1E600BFB80A0024F4610024FF
:10CDF000C4610024EC610024F0610024C00A002416
:10CE0000C00E0024B2F5206F4FEA522363D3142BD7
:10CE100000F2B78003F15C01C9005B3307EB010E40
:10CE20007958AEF1080E8E4500F091804B6823F0E2
:10CE30000303934202D989688E45F7D1D1F80CE0FB
:10CE40007A68C5E9021ECEF80850CD60D6E6142BEC
:10CE500059D9542B00F29D80330B03F16F0003F17D
:10CE60006E0CC3008AE60EF1010E1EF0030F05F1F1
:10CE700008057FF4D5AE51E0424445465368D8F8E2
:10CE80000C1043F00103536055F8083F2046D96069
:10CE90008B6000F0B1F9F3E6F00806F1080237E61E
:10CEA0002A442046536843F001035360083500F0DC
:10CEB000A3F9E5E6A919204646F0010643F001046E
:10CEC0006E60C7E90411C1E902CC4C60AB5000F0C0
:10CED00093F90835D4E6930903F13901C9003833D1
:10CEE0009CE7BD425FD0BD68686820F003084645F6
:10CEF000A8EB060302D80F2B3FF762AF204600F0E5
:10CF00007BF90025BCE603F15C0003F15B0CC30078
:10CF100034E659F808394B4540F0968010F0030F7D
:10CF200000F1FF30F5D17B6823EA01037B60490003
:10CF300099423FF6C0AE19B9BDE649000EF1040EA4
:10CF40001942FAD0704667E603F11008D0E69A104D
:10CF50004FF001087B6808FA02F21A437A6070E722
:10CF600002EB08014942C1F30B0A514620460092E8
:10CF700000F0B2F9431CDDE900237FF4EFAEDA469E
:10CF8000EFE6542B25D8130B03F16F01C9006E3364
:10CF900044E7B3F5AA7F25D8F30B03F1780003F13A
:10CFA000770CC300EAE5294B186840441860B1E6E5
:10CFB000CAF30B0CBCF1000F7FF4ACAEBD68C844E3
:10CFC00048F001006860F0E61546EEE60123536084
:10CFD00094E7B3F5AA7F23D8D30B03F17801C900F6
:10CFE00077331BE740F25452934223D8B30C03F13A
:10CFF0007D0003F17C0CC300C0E5ABF1080BD84405
:10D00000A8EB02084FF0000AABE605F10801204644
:10D01000009303F0CDFABD68009B68681968C4E608
:10D0200040F254518B420BD8930C03F17D01C9009F
:10D030007C33F3E64FF47E737F204FF07E0C9DE54A
:10D040004FF47E717E23E9E67B6870E7C4610024BB
:10D0500088420DD98B1883420AD900EB020CBAB171
:10D06000624613F801CD02F801CD9942F9D170471B
:10D070000F2A0ED8034602F1FF3C4AB10CF1010C15
:10D08000013B8C4411F8012B03F8012F6145F9D1C4
:10D09000704740EA01039B0750D1A2F1100370B51D
:10D0A00001F1200C23F00F0501F1100E00F1100426
:10D0B000AC441B095EF8105C44F8105C5EF80C5C34
:10D0C00044F80C5C5EF8085C44F8085C5EF8045CAC
:10D0D00044F8045C0EF1100EE64504F11004E9D1A9
:10D0E000013312F00C0F01EB031102F00F0400EBFF
:10D0F000031327D0043C24F003064FEA940C1E448B
:10D100001C1F8E465EF8045B44F8045FB442F9D1FC
:10D110000CF1010402F0030203EB840301EB840130
:10D1200002F1FF3C4AB10CF1010C013B8C4411F8B7
:10D13000012B03F8012F6145F9D170BD02F1FF3CCD
:10D1400003469BE72246EBE7830730B548D0541EE1
:10D15000002A3FD0CAB2034601E0013C3AD303F8AB
:10D16000012B9D07F9D1032C2DD9CDB245EA052518
:10D170000F2C45EA054536D9A4F1100222F00F0C18
:10D1800003F1200EE6444FEA121C03F1100242E9BB
:10D19000045542E9025510327245F8D10CF10102F2
:10D1A00014F00C0F03EB021204F00F0C13D0ACF1CF
:10D1B000040323F003030433134442F8045B934253
:10D1C000FBD10CF003042CB1CAB21C4403F8012BB0
:10D1D0009C42FBD130BD64461346002CF4D1F9E7E4
:10D1E00003461446BFE71A46A446E0E7014803F0A9
:10D1F00089BC00BFFC610024014803F085BC00BF6E
:10D20000FC6100240FB400B5074983B004AB086883
:10D2100053F8042B8168019300F04AF903B05DF8DC
:10D2200004EB04B0704700BF8C06002470B50546BF
:10D2300088B008460C46F3F7A3FA224EAA6B059075
:10D2400001214318CDE9066104A802210494039347
:10D25000AC680190029122B3636E13F0010FB4F930
:10D260000C309AB201D1980525D5910406D4626E8E
:10D2700043F4005322F40052A3816266284601AAB7
:10D28000214603F09BFA636E002814BF4FF0FF3570
:10D290000A25DA0702D4A3899B0506D5284608B0DB
:10D2A00070BD284603F08CF8D6E7A06D03F02CFC87
:10D2B000284608B070BDA06D03F024FCB4F90C3012
:10D2C0009AB2D2E798390108024B01461868FFF775
:10D2D000ADBF00BF8C06002438B5074D00220446C0
:10D2E00008462A60F4F76AFC431C00D038BD2B685E
:10D2F000002BFBD0236038BDC06100242DE9F04332
:10D30000694CD4F8008083B004460E4617461D468B
:10D31000B8F1000F03D0D8F83830002B77D0022FA7
:10D3200005D0012F00F2AC80002DC0F2A980636E01
:10D33000DA0752D52146404603F00EF8216B41B181
:10D3400004F14003994202D0404603F031F9002332
:10D350002363B4F90CC000231CF0800FA361636049
:10D3600064D12CF44A6C2CF0030C022FA4F80CC0EE
:10D370006AD001AB6A462146404603F037FCA389D8
:10D380001843A081002D2FD0002E2ED0D8F8383091
:10D39000002B38D0009B2660AB42B4F90C301CBF88
:10D3A00043F40063A381012F04BF43F00103A38171
:10D3B0009AB213F00803C4E904652CD0D1075DD5F7
:10D3C0006D42A561656E002315F00105A36027D0AD
:10D3D0000025284603B0BDE8F083A3899B05A9D4A6
:10D3E000A06D03F08FFBA5E7009D2846FFF770FBBB
:10D3F0000646002847D0A38943F08003A381D8F8CC
:10D400003830002BC6D1404602F0DAFFC2E7404672
:10D4100002F0D6FF83E7A360656E15F00105D7D152
:10D42000930524D5284603B0BDE8F0832169404622
:10D4300003F0BEF8B4F90CC02CF44A6C2CF0030CC9
:10D44000022FA4F80CC094D10025002204F143035C
:10D45000A2600122C4E904322360636E4CF0020C26
:10D46000D807A4F80CC0DDD41CF4007FDAD1A06D7D
:10D4700003F04AFB284603B0BDE8F083A560CBE784
:10D480004FF0FF35CEE7DDF80090A94504D04846BF
:10D49000FFF71EFB064620B9B4F90CC04FF0FF356C
:10D4A000D3E74D46A7E700BF8C060024000000002C
:10D4B0002DE9F04F2DED0A8BCFB01C460AEE101A65
:10D4C00091460AEE900A054603F014FB0368139395
:10D4D00018460994F3F754F912901DB1AB6B002B69
:10D4E00000F048821AEE102A536EDB0740F14781A4
:10D4F000B2F90C309AB2960409D41AEE101A43F419
:10D5000000538B819AB24B6E23F400534B66150780
:10D5100040F1CC801AEE103A1B69002B00F0C68057
:10D5200002F01A030A2B00F0D2804D469FED9C7B3F
:10D530002B78002425AACDE92344CDE91544CDE973
:10D5400017448DED107B1AEE909A0E94229290461D
:10D5500014940694002B00F0B081AB4604E01BF855
:10D56000013F002B00F0CD80252BF8D1BBEB050649
:10D5700040F0CB809BF80030002B00F09E81002310
:10D580004FF0FF329BF801708DF86B3005930BF173
:10D59000010B04929A462B2420210BF1010BA7F1D9
:10D5A00020035A2B00F20081DFE813F00A03FE008B
:10D5B000FE000503FE00FE00FE006A00FE00FE0005
:10D5C00076029E02FE008102A802FE00A3025B001A
:10D5D0005B005B005B005B005B005B005B005B0073
:10D5E000FE00FE00FE00FE00FE00FE00FE008E01BA
:10D5F000FE001602ED018E018E018E01FE00FE007E
:10D60000FE00FE000003FE00FE004502FE00FE00DC
:10D61000FE002002FE00C202FE00FE009907FE008E
:10D62000FE00FE00FE00FE00FE00FE00FE008E0179
:10D63000FE001602EF018E018E018E01E602EF015F
:10D64000E801FE00F302FE0086024702D402E80170
:10D65000FE0020027D007507FE00FE007907FE0037
:10D660007D00A7F1300300221BF8017B02EB820250
:10D6700003EB4202A7F13003092BF5D905928EE79F
:10D68000484603F037FA436817931846F3F778F8DB
:10D6900018900646484603F02DFA8368159320211A
:10D6A000002E40F0E9869BF8007076E71AEE101A1B
:10D6B0001AEE900A1AEE105A01F002FD002841F00D
:10D6C0002783AA8902F01A030A2B7FF42EAF1AEEE1
:10D6D000101AB1F90E30002BFFF627AF4B6ED907A9
:10D6E00002D4920541F15A811AEE101A1AEE900AEC
:10D6F00023464A464FB0BDEC0A8BBDE8F04F01F01F
:10D700009FBCBBEB050600F0D880249B33442493D8
:10D71000239B0133072BC8E90056239305DC08F14E
:10D720000808069B3344069324E71AEE101A22AA2F
:10D73000484604F019F990B90DF19408F1E71AEE92
:10D74000101A22AA484604F00FF9002800F0A6801B
:10D75000089B23B11AEE900A194602F029FF1AEE2F
:10D76000102A536ED80740F1FA8093895A0601F1C6
:10D77000D88206984FB0BDEC0A8BBDE8F08FB2F9A5
:10D780000C309F059AB23FF5B6AE1AEE105AA86D4E
:10D7900003F0B8F9B5F90C309AB2ACE6AFF30080FB
:10D7A0000000000000000000002F00F08680002331
:10D7B0008DF8D4708DF86B300122CDE907230392E8
:10D7C00004930C930F930D9335AD1AF002020A9255
:10D7D00002D0039A023203921AF084020B9205D10E
:10D7E000059A0399561A002E00F36883249C8BB186
:10D7F000239B0DF16B0201330134C8F80020072B85
:10D800004FF0010224942393C8F8042000F39F836F
:10D8100008F108080A9B83B1239B1BAA0133023439
:10D82000C8F80020072B4FF0020224942393C8F875
:10D83000042000F3998308F108080B9B802B00F06B
:10D840006A82049B079A9E1A002E00F3AB821AF498
:10D85000807F40F00682079BC8F804301C44239B5D
:10D86000C8F800500133072B2494239300F3198345
:10D8700008F108081AF0040F05D0059B039A9D1AB9
:10D88000002D00F38583DDE9052303998A42ACBFAF
:10D890009B185B180693002C7FF451AF0023239351
:10D8A000089B1BB10899484602F082FE0DF19408CE
:10D8B0005D462B78002B7FF450AE249B002B41F06B
:10D8C0001B82002323934AE7099B073323F00703B6
:10D8D000B3EC027B8DED107BDDE91012099322F091
:10D8E00000430BEE101A0BEE903A4FF0FF32B0EE01
:10D8F0004B9AF0EE6B9AB74B51EC190BF3F756FCC1
:10D90000002840F0E884B34B51EC190B4FF0FF3284
:10D91000F3F72EFC002840F0DE84DDE91001002240
:10D920000023F3F71BFC002840F067879DF86B305D
:10D93000A94DAA4A2AF0800A0321472FC8BF1546DD
:10D94000002208920391079104920C920F920D927B
:10D95000002B3FF43AAF039A0132039235E79389E3
:10D9600099053FF503AF1AEE104A906D03F0CCF81D
:10D97000A389FBE6284602F023FDB3E59BF800707F
:10D980004AF0200A09E64AF0100A1AF0200F099B13
:10D9900000F04084073323F007031A465B6852F80F
:10D9A000084B09921E46002BC0F24384049B0133AE
:10D9B00000F0BC822AF08003039354EA060340F08F
:10D9C000B782049B002B40F0B882DDF80CA0002346
:10D9D000049307934EAD1FE1099A002352F8041BEC
:10D9E0008DF86B308DF8D4100992E5E6099C54F857
:10D9F000045B00268DF86B60002D00F08F85049B82
:10DA00005A1C00F051861A4631462846F2F728FF84
:10DA10000890002801F02F81089B0496591B07915C
:10DA200021EAE1719DF86B300994039108960C96F8
:10DA30000F960D968CE74AF0100A1AF0200600F0B7
:10DA4000C983099B073323F007035E6853F8084B2B
:10DA500009932AF480630393002300228DF86B203E
:10DA6000049A551C00F0C080039921F0800A54EA02
:10DA7000060140F0B780002A40F00786002BA6D1AF
:10DA8000039B13F00103079300F0148430238DF8F7
:10DA900037310DF23715BFE0099B53F8042B05927F
:10DAA000002A80F2D583059A0993524205929BF889
:10DAB00000704AF0040A70E51AF0200F40F0D1849B
:10DAC0001AF0100F40F0E7851AF0400F40F0A986D9
:10DAD0001AF4007F00F0DF85099B069953F8042BA8
:10DAE000099311705D46E4E69BF800708DF86B4079
:10DAF00053E59BF800704AF0800A4EE55A4612F84A
:10DB0000017B2A2F01F06F82A7F13003092B934686
:10DB100098BF002201F2EC801BF8017B02EB82022D
:10DB200003EB4202A7F13003092BF5D9049236E545
:10DB30004AF010030393039B13F0200600F059836F
:10DB4000099B073323F007035E6853F8084B0993DA
:10DB5000012382E7099B53F8044B099330234AF0D1
:10DB6000020278278DF86C301D4B149303928DF8C8
:10DB70006D700026022370E79BF80070682F03BFCA
:10DB80009BF801704AF4007A0BF1010B4AF0400A4D
:10DB900003E59BF800706C2F03BF9BF801704AF0FF
:10DBA000200A0BF1010B4AF0100AF6E49BF8007012
:10DBB0004AF0080AF1E49BF800704AF0010AECE42C
:10DBC0009DF86B30002B7FF46EAD9BF800708DF8E4
:10DBD0006B10E2E4FFFFEF7F843B0108883B010804
:10DBE000943B0108CDF80CA0012B00F0A181022B81
:10DBF0004EAD20D1149A04F00F032409D35C05F82C
:10DC0000013D44EA0674360954EA0603F3D14EABEB
:10DC10005B1BDDF80CA00793049907989DF86B3007
:10DC200081424FF00002B8BF0146089203910C9266
:10DC30000F920D928CE604F00703E40844EA467460
:10DC4000F608303354EA06012A4605F8013DF2D1C0
:10DC50000399CC0700F175824EAB5B1B8A46079394
:10DC6000DAE7652F40F3D780DDE9100100220023B9
:10DC7000F3F76AFA002800F0C681239BC14AC8F86E
:10DC80000020013301340122072B24942393C8F888
:10DC9000042000F3DE8408F108081C9B0E9A9342CE
:10DCA00080F2D182129B139A1C44C8E90023239B63
:10DCB00024940133072B239300F3228408F10808EE
:10DCC0000E9B5D1E002D7FF7D5AD102D239B41F3DC
:10DCD0006981AD4F0A97224610261AEE104A05E0D8
:10DCE00008F10808103D102D40F3C18401331032B3
:10DCF000072BC8E90076CDE92332F1DD22AA2146BF
:10DD0000484603F031FE00287FF422ADDDE92332DE
:10DD10000DF19408E6E7059B039A9E1A002E7FF703
:10DD200090AD102E239B41F33F8097490B952246DF
:10DD30001AEE105A0A910C4604E0103E102E08F11B
:10DD4000080819DD013310321021072BCDE92332E9
:10DD5000C8F80040C8F80410EFDD22AA294648465A
:10DD60000DF1940803F000FE00287FF4F1AC103EA2
:10DD7000102EDDE92332E5DC0B9D144601330A9AAF
:10DD8000C8F800203444072BCDE92334C8F80460D8
:10DD900000F3A883049B079A9E1A002E08F1080836
:10DDA0007FF755AD102E239B40F30F8576480A90E0
:10DDB000424621461AEE108A044604E0103E102E18
:10DDC00002F1080216DD013310311020072BCDE9D6
:10DDD000233114605060F1DD22AA4146484603F029
:10DDE000C3FD00287FF4B4AC103E102EDDE92331D2
:10DDF00025AAE8DC90460C4601330A9AC8F80020B0
:10DE00003444072BCDE92334C8F8046000F3D481EF
:10DE100008F108081BE50E9B012B40F37381239E3C
:10DE2000C8F80050013601340123072E24942396AC
:10DE3000C8F8043000F3968308F10808129B139A7F
:10DE400001361C44072EC8E90023CDE9236400F302
:10DE5000978308F10808DDE9100100220023F3F799
:10DE600073F9002840F07B810E9B0136013B0135A0
:10DE70001C44072EC8F800502396C8F80430249498
:10DE800000F3518108F10808169BC8F804300136E8
:10DE90001C44072E1EABCDE92364C8F800307FF781
:10DEA000E7AC1AEE101A22AA484603F05DFD0028DE
:10DEB0007FF44EAC249C0DF19408DBE4102EDDE9D8
:10DEC000233222DD199510241AEE105A04E0103E78
:10DED000102E08F1080817DD01332C491032072BEA
:10DEE000C8E90014CDE92332F1DD22AA29464846CB
:10DEF0000DF1940803F038FD00287FF429AC103EA2
:10DF0000102EDDE92332E7DC199DC8F804600133E7
:10DF1000B418072B1D4AC8F80020CDE9233400F3BC
:10DF20007D839DF86B3008F1080860E4CDF80CA003
:10DF30000A2C76F1000380F0318330340123DDF8C0
:10DF40000CA08DF8374107930DF2371564E61AEEF1
:10DF5000101A22AA484603F007FD00287FF4F8AB08
:10DF6000249C0DF1940855E41AEE101A22AA484692
:10DF700003F0FAFC00287FF4EBAB249C0DF194082D
:10DF80005BE400BFC43B0108D83B0108C83B010863
:10DF9000102D239B20DD1AEE107A102604E0103D90
:10DFA000102D08F1080817DD0133AC4A1034072B97
:10DFB000C8E90026CDE92334F1DD22AA39464846D6
:10DFC0000DF1940803F0D0FC00287FF4C1AB103DA4
:10DFD000102DDDE92334E7DC0133A04AC8F80450F2
:10DFE0002C44072BCDE92334C8F800207FF74BAC35
:10DFF0001AEE101A22AA484603F0B6FC00287FF455
:10E00000A7AB249C3FE41C9A002A40F32B81DDE956
:10E010000D739F42A8BF1F46002F0BDD239B0133CA
:10E020003C44072BC8E900572494239300F3D5857B
:10E0300008F108080D9E002FA8BFF61B002E00F364
:10E0400044830D9B1AF4806F2B44079340F0E384C4
:10E050001C9B0E9A934203DB1AF0010F00F0D2834F
:10E06000129A13991444C8E90012239A2494013295
:10E07000072A239200F3BF8508F108080E9A079932
:10E08000AE18761AD51AAE42A8BF2E46002E0DDD68
:10E09000239BC8F8001001333444072BC8F80460F0
:10E0A0002494239300F3098608F10808002EA8BFE2
:10E0B000AD1B002D7FF7DEAB102D239B40F3728745
:10E0C000674F0A97224610261AEE104A05E008F11B
:10E0D0000808103D102D40F3CA8201331032072B7F
:10E0E000C8E90076CDE92332F1DD22AA214648466F
:10E0F00003F03AFC00287FF42BABDDE923320DF16D
:10E100009408E6E71AF0010F7FF489AE239EC8F861
:10E110000050013601340123072E24942396C8F8B9
:10E1200004307FF7AFAE1AEE101A22AA484603F069
:10E130001BFC00287FF40CABDDE923640DF194088F
:10E14000A2E6302B3FF463AD3023023A05F8013CE0
:10E150004EAB9B1ADDF80CA0079315465CE50E9BB1
:10E160005D1E002D7FF790AE102D40F321873C4AB5
:10E17000CDF810A023461AEE10AA0A9210271446D2
:10E1800005E008F10808103D102D40F3E382013648
:10E190001033072EC8E90047CDE92363F1DD22AA39
:10E1A0005146484603F0E0FB00287FF4D1AADDE9A0
:10E1B00023630DF19408E6E71AEE101A22AA4846E6
:10E1C00003F0D2FB00287FF4C3AA249C0DF194082D
:10E1D000FFF73DBB1AF0100340F03D811AF04002FA
:10E1E00000F0C882099A52F8044B09921E46A4B264
:10E1F0002FE4039B13F0100366D1039A12F0400240
:10E2000000F0C682099A52F8044B09921E46A4B245
:10E21000012322E453F8044B09931AF0100F4FD155
:10E220001AF0400F48D044F3C036334624B2FFF70B
:10E23000BABB2D2364428DF86B3066EB4606CDF8F1
:10E240000CA001230CE41AF0010F3FF413AB29E5F5
:10E250009BF800700993FFF7A0B900BFC83B010805
:10E26000D83B0108239BB649C8F80010013301349C
:10E270000121072B24942393C8F8041000F384840D
:10E2800008F10808002A40F046820E9A0AF00103BD
:10E2900013433FF4EFAA129B139A1C44C8E90023CE
:10E2A000239B24940133072B239300F3688308F105
:10E2B000080841E24EADAFE41AF4007F40F0AB82B3
:10E2C000E6173346FFF76FBB099B53F8044B0993DE
:10E2D0000123FFF7C2BBDDE9100102460B46F2F74E
:10E2E00065FF002840F02E86612F00F07F85412FCA
:10E2F00000F0A082049B013327F02003039300F079
:10E30000C085472B00F0AB85DDE910014AF480722F
:10E31000002907924FF00003C0F2458441EC180B2E
:10E320000A930893039B462B00F07484452B00F05E
:10E330002585B0EE480AF0EE680A20AB01931DABCC
:10E340000093049A1CAB0221484600F0C9FF039BCE
:10E35000472B054640F05E861AF0010F5646DDF861
:10E360001CA040F0E384209B5B1B0E93039B472B78
:10E3700000F01B83039B462B00F089841C9B0D93AC
:10E380000D9B039A013B412A1C9300F0E985FAB2E8
:10E390000021002BB8BF0D9B8DF87820BABFC3F1C8
:10E3A00001032D222B22092B8DF8792040F36D8556
:10E3B0000DF18704DFF898C1224610468CFB03213B
:10E3C000DA17C2EBA10202EB8201A3EB410130316B
:10E3D00000F8011C19466329134600F1FF32ECDCFA
:10E3E0003033D9B2831E9C4202F8011C40F20E86E3
:10E3F00013460DF17A0201E013F8011B02F8011B2C
:10E400009C42F9D10DF189030DF17A021B1A1344D4
:10E410001EAA9B1A16930E9B169A012B1A4407925A
:10E4200040F3B285079B129A13440793079A00237F
:10E4300026F4806622EAE27246F4807A0C93039214
:10E440000F930D930A9B002B40F0DE8204939DF8FE
:10E450006B30FFF77DBA099B53F8044B0993FFF724
:10E46000F8BA099B069853F8041B0993C217C1E92F
:10E4700000025D46FFF71DBA159B002B3FF413A960
:10E48000159B1B78002B3FF40EA99BF800704AF4F3
:10E49000806AFFF782B8CDF80CA0FFF74CBB294B80
:10E4A00014931AF0200655D0099B073323F0070375
:10E4B0005E6853F8084B09931AF0010F09D054EA2B
:10E4C000060306D030238DF86D704AF0020A8DF8ED
:10E4D0006C302AF4806303930223FFF7BEBA1A4B11
:10E4E0001493DEE71AEE101A22AA484603F03CFA0B
:10E4F00000287FF42DA9249C0DF19408FFF7A1B901
:10E500001AEE101A22AA484603F02EFA00287FF4C9
:10E510001FA9249C0DF19408FFF7D2BB049A08951B
:10E52000062A294628BF062204952B460392074D4A
:10E53000099407920C910F910D91FFF709BA00BF52
:10E54000C43B0108943B0108A83B0108BC3B0108FF
:10E55000676666661AF0100370D0099B53F8044B87
:10E560000993A9E71AEE101A22AA484603F0FCF90B
:10E5700000287FF4EDA8DDE923640DF194085DE443
:10E580001AEE101A22AA484603F0EEF900287FF48A
:10E59000DFA8DDE923640DF194085CE4039B00220D
:10E5A00003F48063CDE9077809EE109A0DF59C7AA3
:10E5B000DDF85490174698460CE00023204631467B
:10E5C0000A22F1F7BDFE0A2C76F100031CD30446A3
:10E5D0000E46AA4620460A2200233146F1F7B0FE35
:10E5E00030320AF1FF3501370AF8012CB8F1000F7B
:10E5F000E3D099F800309F42DFD1FF2FDDD00A2C05
:10E6000076F1000380F0E580CDF854900E97DDF8A8
:10E610002080079F19EE109AFFF7F9BA1AEE101A28
:10E6200022AA484603F0A0F900287FF491A89DF89B
:10E630006B30249C0DF19408FFF7D9B81AF0400212
:10E6400000F0B680099A52F8044B09921E46A4B213
:10E6500032E71AEE101A22AA484603F085F900287C
:10E660007FF476A8249C0DF19408FFF716BB14469E
:10E6700001330A9AC8F800202C44072BC8F804502C
:10E68000CDE923347FF7F4A80BE4012BCDF80CA0DF
:10E690007FF4ADAA51E4099B069953F8042B5D461B
:10E6A00011600993FFF705B9284604960994F2F71B
:10E6B00067F820EAE0719DF86B30079003910896A7
:10E6C0000C960F960D96FFF743B9102E239B40F33F
:10E6D0009684BC480A90424621461AEE108A1027BA
:10E6E000044604E00832103E102E40F33B82013312
:10E6F0001031072BC2E90047CDE92331F2DD22AA10
:10E700004146484603F030F900287FF421A8DDE9AE
:10E71000233125AAE7E7129B13991C44C8E900138B
:10E72000239B24940133072B239300F3288108F1C2
:10E730000808002AC0F2FD820E9AC8F80050013382
:10E740001444072BCDE92334C8F804207FF790A8A0
:10E75000FFF7A7BBDDF810A01C4601360A9BC8F8DE
:10E7600000302C44072ECDE92364C8F804507FF70D
:10E7700089ABD8E4099B1AF4007614BF53F8044B14
:10E7800053F8044B09931CBF1646E4B2FFF761B976
:10E79000039B13F40076099B14BF53F8044B53F802
:10E7A000044B09931CBF1646E4B20123FFF755B989
:10E7B000099B1AF4007614BF53F8044B53F8044B2A
:10E7C00009931CBF1646E4B276E67E4A0A92FFF72A
:10E7D00013BB189B1799ED1A1A46284603F056F8F2
:10E7E00099F801300BB109F10109204631460A229E
:10E7F00000230027F1F7A4FDE9E62D238DF86B3007
:10E80000FFF796B80E9A0799AE18761AD51AAE4247
:10E81000A8BF2E464AE444F3C016334664B2FFF75D
:10E82000C2B8099B069953F8042B099311805D46E1
:10E83000FFF73FB830238DF86C3058238DF86D30DA
:10E84000049B632B4AF0020400F3D5820023089353
:10E8500035ADDDE910124AF481730793002A27F0E1
:10E860002003A2460393C0F29F81002342EC181BB1
:10E870000A93612F00F04A83412F7FF453ADB0EE2D
:10E88000480AF0EE680A1CA802F084FF00224FF04C
:10E890007F5351EC100BF2F7EFF902460B4643ECB5
:10E8A000192B00220023F2F74FFC08B101231C931F
:10E8B000454B0B93049B1995CDE90C7BCDE90EA834
:10E8C0000CEE109ADDF82CB059EC198B5E1E2C461C
:10E8D00005E000220023013EF2F736FCE0B93B4B95
:10E8E000002240464946F2F7C7F989468046F2F7CA
:10E8F00073FC0546F2F756F90B4602464946404678
:10E90000F2F702F81BF80530A24604F8013B731C2D
:10E91000374680468946DCD149EC198B2C4BDDF813
:10E920003C8051EC190B00223E461CEE109ADDE9AA
:10E930000C7BCDF830A00D95DDF838A0199DF2F7CD
:10E940002BFC002840F0368251EC190B204B0022A2
:10E95000F2F7FAFB18B10D9BD90700F12B82002EBC
:10E96000334606DB01332344302204F8012BA34253
:10E97000FBD1631B56460E93DDF81CA0F6E41AEE9D
:10E98000101A22AA484602F0EFFF00287EF4E0AEFB
:10E99000DDE923341C9A0DF19408CAE61AEE103A08
:10E9A000986D02F0B1F8FEF79FBE1C9B0D93DA1C28
:10E9B00002DB049A93420DDD023F27F0200303930C
:10E9C000DEE400BFD83B0108A83B0108000030404E
:10E9D0000000E03FDDE90D329342C0F27F81F00795
:10E9E00040F19182129A13440793710503D50D9B50
:10E9F000002B00F35A82079B23EAE37303936727F4
:10EA000000230C930F931DE52D2300228DF86B300E
:10EA10000492FEF7A0BF0E9BCDF828B0DDF83CB005
:10EA2000079E159FCDF81CA0EB1804934246DDF815
:10EA300060A00C9B0B951AEE108AA446BBF1000F48
:10EA400030D0002B71D1013F0BF1FF3B179BC2E986
:10EA5000003A239B0133D444072BCDF890C0239375
:10EA600067DC0832049B38789B1B8342A8BF0346AF
:10EA7000002B1C460BDD239801309C440728C2E97B
:10EA80000063CDF890C023905FDC38780832002C0A
:10EA9000ACBF051B0546002D17DC06440C9BBBF1E3
:10EAA000000FCED1002B40D10B9D0E9BDDF81CA09A
:10EAB000DDF828B01597EB189E429046324628BFE5
:10EAC0001A4664460792FFF7C3BA102D23981FDD3C
:10EAD0001024634604E0103D102D02F1080216DDFB
:10EAE0000130B34910330728C2E90014CDE92303EC
:10EAF000F1DD22AA4146484602F036FF00287EF4A6
:10EB000027AE103D102DDDE9230325AAE8DC9C4645
:10EB10000130A74B5560AC440728CDE9230C1360A6
:10EB20004DDC387808320644B8E70C9B013B0C9367
:10EB30008CE722AA4146484602F016FF00287EF4E0
:10EB400007AEDDF890C025AA8CE722AA41464846C8
:10EB500002F00AFF00287EF4FBAD3878DDF890C0A3
:10EB600025AA94E790460C4601330A9AC8F800207B
:10EB70003444072BCDE92334C8F8046000F36181E5
:10EB800008F10808FFF75DBA1AEE101A22AA4846E3
:10EB900002F0EAFE00287EF4DBAD1C9A249C0DF105
:10EBA0009408FFF76FBB0893DDE9103408EE103AC4
:10EBB00004F1004308EE903A2D230A9359E622AA65
:10EBC0004146484602F0D0FE00287EF4C1AD3878B8
:10EBD000DDF890C025AA064460E71AEE101A22AAB2
:10EBE000484602F0C1FE00287EF4B2AD249C0DF12F
:10EBF0009408FFF71FBA1AEE101A22AA484602F02C
:10EC0000B3FE00287EF4A4AD1C9B249C0DF1940857
:10EC1000FFF734BA20AB01931DAB0093049AB0EE1A
:10EC2000480AF0EE680A1CAB0321484600F058FB86
:10EC30000378302B054600F099811C9B049A5646B8
:10EC40001344DDF81CA0EC1851EC180B0022002333
:10EC5000F2F77AFA10B12346FFF786BB209BA34256
:10EC6000BFF482AB30215A1C20921970209B9C4229
:10EC7000F9D8FFF779BB049B0393079309949DF898
:10EC80006B3004900C900F900D90FEF761BE1C9AB3
:10EC90000D92002A40F39081049906F001030B4382
:10ECA00040F02B810D9B07936627730500F1FE80D2
:10ECB000079B23EAE3730393A2E61AEE101A22AA33
:10ECC000484602F051FE00287EF442AD1C9D0E9B8A
:10ECD000249C5D1B0DF19408FFF7E8B90E9B129A76
:10ECE0009A180D9B0792002B40F353816727DCE7AE
:10ECF00000230493FEF753BC1AEE101A1AEE900A82
:10ED000022AA02F031FE00283EF4DBADFEF727BD5B
:10ED10006B6EDC0705D4AB89980502D4A86D01F0B1
:10ED2000F3FE4FF0FF330693FEF723BD049BEC1870
:10ED30008AE75642103280F26F811D480A9042469F
:10ED400021461AEE108A1027044603E00832103ECE
:10ED5000102E5ADD01331031072BC2E90047CDE9EF
:10ED60002331F3DD22AA4146484602F0FDFD00288A
:10ED70007EF4EEACDDE9233125AAE8E7049BB0EE92
:10ED8000480AF0EE680A5C1C20AB01931DAB0093AF
:10ED900022461CAB0221484600F0A2FA0546564620
:10EDA0002C44DDF81CA04FE7014A0A92FEF7E6BFAB
:10EDB000D83B01080C9B20930B9B14F8012CD97BAA
:10EDC0008A42234609D1302003F8010C209B5A1EA9
:10EDD000209213F8012C9142F6D0392A0BBF0B9ADE
:10EDE0000132927AD2B203F8012CC2E530238DF8B9
:10EDF0006C30782322E5591C4846FDF779FE05461C
:10EE0000002800F00C81089023E590460C46013361
:10EE10000A9AC8F800203444072BCDE92334C8F8F7
:10EE200004607FF744AA1AEE101A22AA484602F09C
:10EE30009BFD00287EF48CACDDE923340DF19408B1
:10EE40007AE41AEE101A22AA484602F08DFD002834
:10EE50007EF47EAC249C0DF19408FFF7F2B8049B7D
:10EE6000002B08BF01230493119B4AF48072002BEE
:10EE70000792C0F29B809DED108B0A900890FFF7DF
:10EE800058BA06230493FFF73FBA002940F0A88040
:10EE900030228DF87A200DF17B02303302F8013BED
:10EEA0001EABD31A1693FFF7B6BA672715990B78DE
:10EEB000FF2B00F0A78000240D9A204603E00130CC
:10EEC0000131FF2B08D0934206DAD21A4B78002B7F
:10EED000F5D10B780134F4E715910D920F900C9455
:10EEE0000C9A0F9B18991344079A01FB032307936D
:10EEF00023EAE3730393FFF7A5BA129BD3181944CF
:10EF000007916627D1E60D9B07936EE51CA8B0EE2E
:10EF1000480AF0EE680A02F03DFC00224FF07F53F1
:10EF200051EC100BF1F7A8FE02460B4643EC192BEF
:10EF300000220023F2F708F908B101231C933C4B8F
:10EF40000B93B7E4119B3B4D3B4A002BB6BF2D23DF
:10EF50009DF86B308DF86B302AF0800AFEF7ECBC20
:10EF600007F10F02D2B20121FFF713BA51EC180BCF
:10EF700000220023F2F7E8F800287FF45EAE049B3D
:10EF8000C3F101031C9359E6F4077FF54FAAFFF77D
:10EF900049BAC3F101031A4422EAE27307920393C8
:10EFA00067272DE5254A0A92FFF762BB0890FBE52B
:10EFB000224B0A93FFF7D1BB049A06F0010656EAEA
:10EFC000020304D1012303936627079318E5129BDC
:10EFD00001331A4422EAE2730792039366270FE58E
:10EFE0000DF17A0259E7099B9BF80170934653F89B
:10EFF000042B099342EAE2720492FEF7CEBA0F4A5A
:10F000000A92B1E500230C930F9369E7022316934C
:10F01000FFF701BA049CC2E6084A0A92F7E61AEE24
:10F02000102A938943F040039381FEF798BB00BFF9
:10F03000943B01088C3B0108903B0108D83B010838
:10F0400070B50C468989ADF58E6D21F00201ADF8E1
:10F050001410616E1B91E189ADF81610E1690991F8
:10F06000616A0B911CA9029106914FF480610646DA
:10F070000491079118A80021CDE90032089101F010
:10F080003DFDDDE9003202A93046FEF711FA051E0A
:10F0900007DB02A9304601F05FF9002818BF4FF0E6
:10F0A000FF35BDF814305B0603D5A38943F0400358
:10F0B000A381189801F024FD28460DF58E6D70BDD2
:10F0C00038B5334B1B6805460C460BB19A6B12B32F
:10F0D000B4F90C3018079AB225D5216900292DD032
:10F0E00012F0010007D00020A06060694042A061DA
:10F0F00039B1002038BD950758BF6069A06000296C
:10F10000F7D1120658BF0846F4D543F04003A38157
:10F110004FF0FF3038BD184601F052F9B4F90C3009
:10F1200018079AB2D9D4D1062AD5520714D4216926
:10F1300043F00803A3819AB20029D1D102F42070D0
:10F14000B0F5007FCCD02146284601F0DFFCB4F9B1
:10F150000C3021699AB2C3E7216B51B104F140022E
:10F16000914204D0284601F023FAB4F90C30002271
:10F17000226321690022C4E9001223F02403D7E7A7
:10F18000092243F040032A604FF0FF30A38138BDCD
:10F190008C060024024B13B1024800F005B87047FA
:10F1A00000000000E5040108002301461A46184645
:10F1B00003F03ABB2DE9F04F03690C69A34283B019
:10F1C000C0F28780013C01F11405A30000F114088E
:10F1D000009355F8243058F82420013381469A4290
:10F1E00008EB840005EB84070190B2FBF3F63BD3F8
:10F1F0000023AE4640469B465EF804AB02681FFA09
:10F200008AFC06FB0C334FEA134C4FEA1A4A06FB02
:10F210000ACA1FFA83FCABEB0C0C1FFA8AF31CFA28
:10F2200082FCC3EB124202EB2C421FFA8CFC4CEA2C
:10F230000243774540F8043B4FEA224B4FEA1A431A
:10F24000DAD2009B58F8033073B9019B043B984510
:10F2500004D307E0984504F1FF3403D253F804299E
:10F26000002AF7D0C9F81040484601F077FF00287F
:10F270002BDB01364046002355F8041BD0F800C0B4
:10F280008AB29A1A0B0C12FA8CF2C3EB1C4303EBF2
:10F29000224392B242EA0342AF4240F8042B4FEAC3
:10F2A0002343E9D258F8242008EB84036AB9043BCD
:10F2B000984504D307E0984504F1FF3403D253F88E
:10F2C0000429002AF7D0C9F81040304603B0BDE841
:10F2D000F08F002003B0BDE8F08F00BF00000000F9
:10F2E0002DE9F04F2DED068B95B08DED020B0191C0
:10F2F000016C249D099259EC108B0446069341B190
:10F30000426C4A60012393408B6001F0C5FC0023EE
:10F310002364B9F1000AB4BF012300232B607C4BA6
:10F32000BCBF2AF0004ACDF80CA033EA0A0300F073
:10F33000B2809DED027B002251EC170BB0EE479A94
:10F34000F0EE679A0023F1F7FFFE074680B1069AB8
:10F3500001231360259B002B00F0DB826D481860B1
:10F36000431E0093009815B0BDEC068BBDE8F08FEE
:10F3700012AA13A92046B0EE490AF0EE690A01F07C
:10F38000B5FFB0EE498AF0EE698A5FEA1A56054683
:10F3900040F09980DDE912763E4406F232402028A2
:10F3A00040F3AB83C0F140000AFA00FA06F21240C3
:10F3B00028FA00F04AEA0000F1F7E4FB0123013EDD
:10F3C0000D93A1F1F871544B0022F1F79DFA4AA375
:10F3D000D3E90023F1F750FC49A3D3E90023F1F767
:10F3E00095FA804630468946F1F7DCFB46A3D3E91F
:10F3F0000023F1F741FC02460B4640464946F1F72F
:10F4000085FA80468946F1F7E7FE0022834600230D
:10F4100040464946F1F7A2FE002840F06D82BBF15C
:10F42000160F00F25C823D4B03EBCB03D3E90023C4
:10F4300051EC190BF1F792FE002875D00023BE1B8A
:10F440000C93731E0BF1FF3B049300F14F820023DA
:10F450000893BBF1000F6EDA089BCDF814B0A3EB54
:10F460000B030893CBF100030B93019B092B4FF087
:10F47000000B69D8052B40F33E83043B0193002623
:10F48000019B023B032B00F29986DFE813F04E0448
:10F490004B0443042604069A42F20F73CAF3130A7C
:10F4A00013605AEA08031DD1259B002B00F07D86CE
:10F4B0001B4B00930833259A0098136015B0BDECE0
:10F4C000068BBDE8F08F18EE903AC3F3130351ECAE
:10F4D000190B43F07F510D97A6F2FF36129F41F4AE
:10F4E000401170E7259B002B40F0DB830D4B009310
:10F4F00038E700BFAFF3008061436F63A787D23F57
:10F50000B3C8608B288AC63FFB799F501344D33F12
:10F510000000F07FC53B01080000F83F383D0108BE
:10F52000EC3B0108E83B0108BE1B731E049300F18D
:10F530009A840C900890049B5B44CDE9043B002323
:10F540000B93019B092B95D9002301264FF0FF3225
:10F5500001930A9607920993079B0F930021616418
:10F56000204601F073FB0090002800F02F86009BDE
:10F570002364079B0E2B00F2F980002E00F0F6802A
:10F580000599002940F37184BD4B01F00F0203EB94
:10F59000C2034FEA2118C905D3E9006740F103848B
:10F5A000B84B51EC190BD3E90823F1F78FFC41EC70
:10F5B000180B08F00F084FF0030AB8F1000F13D032
:10F5C000DFF8C09218F0010F09D030463946D9E96A
:10F5D0000023F1F751FB0AF1010A06460F465FEAE4
:10F5E000680809F10809EDD151EC180B32463B4689
:10F5F000F1F76CFC41EC1A0B0C9B5BB157EC1A6BEE
:10F60000A14B1AEE100A00223946F1F7A7FD002897
:10F6100040F052855046F1F7C5FA53EC1A2BF1F73A
:10F620002BFB9A4B0022F1F771F9079B8046A1F161
:10F630005079002B00F0F383059B1093079B0E93EA
:10F640000A9B002B00F0C0840E9A8D4B9049DDF888
:10F6500000A003EBC20353E902230020F1F736FCBC
:10F6600042464B46F1F750F959EC1A8B41EC180B16
:10F6700049461AEE100AF1F7AFFD0746F1F792FA84
:10F6800002460B461AEE100A4946F1F73DF93037AB
:10F690000AF8017B53EC182B06460F46F1F75EFD86
:10F6A000002840F055854FF000080AEE105ACDF8BA
:10F6B00044B055465BEC18AB08EE104A44462AE0CD
:10F6C0000E9B01349C424BDA724B50465946002245
:10F6D000F1F7D2FA6F4B002282468B46304639460C
:10F6E000F1F7CAFA89468046F1F776FD0746F1F749
:10F6F00059FA02460B4640464946F1F705F93037BC
:10F7000005F8017B52465B4606460F46F1F726FD9B
:10F71000002840F0188532463B465B490020F1F74F
:10F72000F3F852465B46F1F719FD0028C8D0109B4C
:10F73000009A0593AA4618EE104A1AEE105A02E0F3
:10F74000924500F0EA84D1461AF8013D392BF7D0F2
:10F750000133DBB28AF80030059B01330593ABE13E
:10F76000DDF844B01AEE105A18EE104A139B002B25
:10F77000C0F29480059A0E2A00F39080404B03EB70
:10F78000C203D3E90089099B002B1BDA079B002BDE
:10F7900018DC40F05D83404B002240464946F1F7BB
:10F7A0006BFA02460B4651EC190BF1F7E1FCDDF860
:10F7B0001CA05646002800F0D082099BDDF800808E
:10F7C000DF43D2E242464B4651EC190BF1F77EFB88
:10F7D000F1F702FD06468346F1F7E4F942464B464F
:10F7E000F1F74AFA0B46024651EC190BF1F78CF887
:10F7F000DDF800A0334630330AF8013B079B012BAC
:10F8000000F08E834FF0010B08EE105A08EE904A7C
:10F810001D465446DA461DE042464B4630463946C0
:10F82000F1F754FBF1F7D8FC8346F1F7BBF94246F8
:10F830004B46F1F721FA0AF1010A0B460246394616
:10F840003046F1F761F80BF13003AA4504F8013BAB
:10F8500000F061830F4B0022F1F70EFA0022002323
:10F8600006460F46F1F770FC0028D5D0A24618EEE8
:10F87000105A18EE904A059B01330593D1461BE1BF
:10F88000383D0108103D01080000F03F00001C4019
:10F890000000E03F00002440000014400A9A002AC3
:10F8A0003FD0019A012A40F39C82079B03F1FF3865
:10F8B0000B9B4345C0F26E82A3EB0808079B002B0D
:10F8C000C0F26683049A1A440492089A17461A44AE
:10F8D00008920121204601F08DFA064625E0012319
:10F8E000BE1B0C93731E04937FF5B1ADC6F10103EB
:10F8F000089300230493ACE55846F1F753F94246C8
:10F900004B46F1F721FC00287FF489AD0BF1FF3B5A
:10F9100085E5874B0093009815B0BDEC068BBDE8DC
:10F92000F08FDDF82C80089F0A9E002F0CDD049AD2
:10F93000002A09DD0899BA421346A8BF3B46C91AF6
:10F94000FF1AD31A089104930B9BDBB10A9B002B7F
:10F9500000F08282B8F1000F0FDD314642462046AA
:10F9600001F024FB2A4601460646204601F070FAC3
:10F9700029460546204601F08FF90B9BB3EB0802A0
:10F9800040F000830121204601F034FABBF1000F62
:10F99000824600F3B780019B012B40F386814FF034
:10F9A00000080120BBF1000F40F0B880049A104419
:10F9B00010F01F0000F09680C0F12003042B40F3EC
:10F9C000F883089BC0F11C000344024408930744D9
:10F9D0000492089B002B05DD29461A46204601F0BB
:10F9E00045FB0546049B002B05DD51461A46204683
:10F9F00001F03CFB82460C9B002B40F03781079BBB
:10FA0000002B40F31E810A9B002B40F0A180059B38
:10FA100001330593DDF80080DDF81C90012707E035
:10FA2000294600230A22204601F040F90137054605
:10FA300051462846FFF7BEFB4F4500F1300008F85D
:10FA4000010BEDDB079A002AC8BF9346009AD8BF86
:10FA50004FF0010B0346934400272946012220461C
:10FA6000019301F003FB5146054601F077FB0028A6
:10FA700040F3A5811BF8013C009A0BF1FF3B04E029
:10FA80005A4500F0A7811BF8013D392B0BF1010904
:10FA9000F6D001338BF800305146204601F0FCF8D7
:10FAA00056B12FB1B74203D03946204601F0F4F8E1
:10FAB0003146204601F0F0F82946204601F0ECF8E6
:10FAC000002389F80030DDE905231A60259B002B0F
:10FAD0003FF448AC0098C3F8009015B0BDEC068B1D
:10FAE000BDE8F08F1C20089B03440893049B03444B
:10FAF000074404936DE70126C2E4C0F1200008FA30
:10FB000000F059E401465A46204601F04FFA019BA5
:10FB1000012B824640F3D5814FF00008DAF810300F
:10FB20000AEB8303186901F015F9C0F120003DE7E5
:10FB3000C43B0108314600230A22204601F0B6F8F2
:10FB40000F9B002B064640F32383CDF814900793B8
:10FB5000002F00F31881B8F1000F40F0FC81B0468F
:10FB6000029B009F079903F001027B1E1944019B31
:10FB70000A9213430891099351462846FFF71AFB4E
:10FB800031468346284601F0E9FA4246514681460D
:10FB9000204601F005FBC26801460BF13003002A44
:10FBA00042D104902846079301F0D8FA04990290B4
:10FBB000204601F071F8029A079B1AB909990029A9
:10FBC00000F0D682B9F1000FC0F28781019949EAAD
:10FBD00001090A9951EA090100F07F81002A00F326
:10FBE000E781089A3B7007F101099742CB4600F084
:10FBF000E581294600230A22204601F057F84645B0
:10FC0000054631464FF000034FF00A02204612D05D
:10FC100001F04CF84146064600230A22204601F036
:10FC200045F84F468046A7E72046029301F034F896
:10FC3000029B0122C6E701F039F84F46064680468E
:10FC40009AE7019B022B77DC0A9B002B80D1059B56
:10FC50005146013328460593FFF7ACFADDF800B0B2
:10FC600000F130030BF8013B0027F6E65146284629
:10FC700001F074FA0028BFF6C2AE294600230A221A
:10FC8000204601F013F8059B03F1FF390A9B054656
:10FC9000002B7FF44FAF0F9B002B40F37082079334
:10FCA000B8E6BD4B0093033305E4DDE902120029F9
:10FCB0007FF475AEC2F31303002B7FF470AEB74B25
:10FCC0001340002B00F03D82089B01330893049BF6
:10FCD000013304934FF0010863E601230A93099B63
:10FCE000059A13440F930133012B1F460793B8BFA6
:10FCF00001270021172F61647FF732AC0122042312
:10FD00005B0003F11400B842114602F10102F7D979
:10FD1000616425E401230A93099F002F4ADD0F97B0
:10FD20000797E6E700230A93D9E700230A93F3E74E
:10FD30000F9BCDF814900793079B002B7FF43DADEC
:10FD400051460522204600F0B1FF01468246284672
:10FD500001F004FA00287FF730AD0098059F3123A9
:10FD6000804600F8013B013700905146204600F0E4
:10FD700093FF7B1CDDF800900593CDF80080002EEA
:10FD80007FF496AE98E631463A46204601F06EF989
:10FD90000646E0E60B9BCDF82C80A8EB03039B44C2
:10FDA0004FF000088AE54FF0020AB0EE498AF0EE03
:10FDB000698A02E4012309930793FFF7CDBB03D1BE
:10FDC000019BDB073FF556AED9461BF8013D302BB2
:10FDD000FAD061E6059B009A013305933123137035
:10FDE0005AE60D9A002A00F0638103F23343049A25
:10FDF000DDF82C801A440492089A17461A44089297
:10FE000067E55046F0F7CEFE53EC1A2BF0F734FFBF
:10FE1000634B0022F0F77AFD8046A1F15079614BE7
:10FE2000002251EC1A0BF0F76FFD42464B46064696
:10FE30000F46F1F7B1F9002840F07F81304639468E
:10FE4000424609F10043F1F789F900283FF48EACEE
:10FE50004FF0000A5646B0E429460B9A204601F0BE
:10FE6000A5F805468EE50C9040E500F04E81059A18
:10FE70004D4B564206F00F0203EBC203D3E90023B9
:10FE800051EC190BF0F7F8FE361141EC1A0B00F0AB
:10FE90008881464F00234FF0020AF20706D5D7E9C2
:10FEA0000023F0F7E9FE0AF1010A0123761007F1B9
:10FEB0000807F2D1002B3FF49FAB41EC1A0BFFF780
:10FEC0009BBB029B002B7FF427AEDDE90212C2F33D
:10FED0001303002B3FF4F3AE1EE6002A12DD294681
:10FEE00001222046019301F0C1F85146054601F078
:10FEF00035F90028019B40F33581392B00F013813F
:10FF00000BF13103B94609F8013B059B0133374634
:10FF100005934646C0E5A24618EE105A18EE904AE0
:10FF200002460B46F0F7F2FC42464B4606460F46A9
:10FF3000F1F732F960B942464B4630463946F1F79F
:10FF400003F900283FF497AC5FEACB717FF593ACDF
:10FF5000009AFFF7F8BB7168204600F077FE07466D
:10FF6000002800F03A81336902339A0006F10C014F
:10FF70000C30F0F767FB39460122204601F076F895
:10FF80008046EDE52946204601F010F80546F9E4E3
:10FF9000DDE907239F1A9CE4E83B01080000F07F9D
:10FFA00000001C4000001440383D0108103D0108CD
:10FFB000392B00F0B880B9460133A4E7059A013225
:10FFC00037460592464648E50E988D4901EBC0013B
:10FFD00042464B4651E90201F0F74EFE5AEC1A9B9D
:10FFE00041EC180B51461AEE100AF1F7F5F80746E6
:10FFF000F0F7D8FD02460B461AEE100A5146F0F70C
:020000040801F1
:1000000083FC06460E98DDF800803037012808F89A
:10001000017B0F4600F0BA800E9B009ACDF838B0F5
:1000200013449B46C246774B002230463946F0F7D0
:1000300023FE89468046F1F7CFF80746F0F7B2FD78
:10004000303702460B4640464946F0F75DFC0AF859
:10005000017BDA4506460F46E5D1DA46DDF838B0D1
:10006000694B59EC188B002218EE100A4946F0F73C
:100070004DFC32463B46F1F771F800286DD118EE81
:10008000102A4B4660490020F0F73EFC32463B46C2
:10009000F1F782F800283FF469ABD1460AF1FF3A44
:1000A00019F8013C302BF8D0109B0133059303E580
:1000B000129BC3F136039AE6079B002B3FF4A1AED7
:1000C0000F9B002B7FF752AB059A0E93013A4D4BD5
:1000D00010921AEE100A39460022F0F7CDFD0246C2
:1000E00016460F460AF10100F0F75CFD32463B462A
:1000F000F0F7C2FD454B0022F0F708FC47EC1A6B05
:100100008046A1F15079FFF79BBA4FF0020AB0EE9A
:1001100049AAF0EE69AAFFF76FBA059B0133059370
:100120003123FFF717BB059BBB46013305933923EA
:1001300037460BF8013B46469EE44FF0000A564610
:100140000BE698462DE4AA4618EE104A1AEE105A0D
:10015000109B01330593D146AEE4109B009A0593A2
:10016000FFF7F1BA7FF4CEAEDA077FF5CBAEC4E687
:10017000392BD8D0B9F1000F3FF7C2AEC2E6019BD0
:10018000022B3FF7D5ADCDF8149060E5C24667E786
:10019000019B022B3FF7CCAD0F9BCDF8149007933A
:1001A000D6E44FF0020AFFF727BA194B0093FFF786
:1001B000D9B83FF40EACC0F13C0094E4002666646C
:1001C0003146204600F042FD009068B9114B1248BC
:1001D00000224FF4D57102F06DFB0E4B0E483A46EB
:1001E00040F2EA2102F066FB009B236401224FF0FB
:1001F000FF3309960F930A920793FFF7B7BA00BF30
:10020000383D0108000024400000E03F00001C4091
:10021000EC3B0108F83B01080C3C0108014B186855
:10022000704700BF8C060024B1F90C202DE9F04185
:100230000C461107804647D4636842F40062002BE5
:10024000A2815EDDA56A002D58D00023D8F8006099
:10025000C8F8003093B212F4805256D10123E169FC
:100260004046A847431C67D0A389A56A5F0705D508
:100270006368C01A236B0BB1E36BC01AE1690246D5
:1002800000234046A847411C41D1D8F80030002B3C
:100290003DD01D2B01D0162B56D1A3892269226097
:1002A00023F4006300216160A381216BC8F8006022
:1002B00021B304F14003994202D0404600F078F99E
:1002C00000202063BDE8F0812669BEB193B22568A5
:1002D00026609A070CBF63690023AD1BA3600BE087
:1002E0002B463246E169676A4046B847B0F1000CD8
:1002F000A5EB0C05664417DD002DF1DC0020BDE800
:10030000F081E36B002B9DDCF8E7206DAEE7B4F9DC
:100310000C302269226023F40063A3810022DB04F5
:100320006260C2D52065C0E7A38943F040034FF067
:10033000FF30A381BDE8F081D8F80030002B93D0C6
:100340001D2B06D0162B04D0A38943F04003A381B4
:10035000D5E7C8F80060D1E738B50C46054608B1C6
:10036000836BA3B1B4F90C00B8B1636EDB0701D4A1
:10037000810515D528462146FFF756FF636EDA073B
:10038000054602D4A3899B050ED5284638BD00F04A
:1003900017F8B4F90C000028E7D10546284638BD07
:1003A000A06D00F0AFFBE5E7A06D00F0ADFB2846C7
:1003B00038BD00BF014900F079BB00BF9129010899
:1003C0002DE9F0478246394800F09CFBDAF83840C6
:1003D000002C66D1DAF80450354ACAF83C200323D1
:1003E000CAE9B843DFF8DC90DFF8DC80314F324EE9
:1003F00004230AF53B72CAF8E8222146C5E9024304
:10040000C5E90044C5E904446C660822AC6105F105
:100410005C00FCF799FEC5E90759C5E90987EE625A
:1004200005F1580000F06AFBDAF80850234BEB6046
:100430002146C5E90044C5E904446C66AC60AC6182
:10044000082205F15C00FCF77FFEC5E90759C5E904
:100450000987EE6205F1580000F050FBDAF80C5005
:10046000174BEB602146C5E90044C5E904446C66BE
:10047000AC60AC61082205F15C00FCF765FE05F19B
:100480005800C5E90759C5E90A76C5F8248000F087
:1004900035FB0123CAF838300448BDE8F04700F0C6
:1004A00033BBBDE8F047014800F02EBB04620024D6
:1004B000B503010865180108851801080900010045
:1004C000120002000118010825180108014800F077
:1004D00019BB00BF00620024014800F015BB00BF3B
:1004E0000062002438B5084B084D5B1B9C1007D0F8
:1004F000043B1D44013C55F804399847002CF9D1C0
:10050000BDE8384002F08EBC903E01088C3E0108E8
:10051000F8B5244F0C460646FCF768FEBA685568E5
:10052000C4F57E630F3325F003052B4423F47F636A
:1005300023F00F03A3F58054B4F5805F07DB00219F
:100540003046FCF7C9FEBB682B44984204D03046C5
:10055000FCF752FE0020F8BD61423046FCF7BCFEBD
:1005600001300DD0104ABB682D1B45F001055D60C0
:10057000136830461B1B1360FCF73EFE0120F8BDDC
:1005800000213046FCF7A8FEBA68831A0F2BDEDD87
:1005900043F001035360054B03491B68C01A086010
:1005A000D5E700BFB80A0024C4610024C00E0024AF
:1005B000002961D0F8B50C460646FCF717FE54F842
:1005C000042C7B4FA4F1080522F0010105EB010C7E
:1005D000B868DCF80430604523F0030300F08B803A
:1005E000D207CCF8043032D454F8082CAD1A114498
:1005F000AA6807F1080082426AD00CEB0304D4F821
:1006000004E0EC68D4601EF0010FA26000F0978057
:1006100041F001036B60CCF80010B1F5007F35D2DA
:100620007A68CB0848090121013381401143796080
:1006300007EBC30257F83310083AC5E9021247F82E
:100640003350CD603046BDE8F840FCF7D5BD0CEB2B
:1006500003025268D00710D4194407F10800DCF8EF
:100660000830834273D0DCF80C20DA60936041F0EC
:1006700001036B606950D0E7704741F00103B1F5A9
:10068000007F44F8043CCCF80010C9D3B1F5206FCA
:100690004FEA512348D28B0903F1390003F13802A4
:1006A000C300F818FB580838984259D05A6822F00D
:1006B00003028A4202D99B689842F7D1D868C5E9FB
:1006C00002308560DD603046BDE8F840FCF794BD3F
:1006D0000CEB03025268D20763D40B44DCE902122C
:1006E000CA60916043F001026A603046EB50BDE899
:1006F000F840FCF781BD0B44D10707D454F8082C0F
:10070000AD1A1344D5E90212CA60916043F00102A8
:100710006A60284ABD6012689A4293D8264B3046D8
:100720001968FFF7F5FE8DE7142B0AD9542B1FD853
:100730000B0B03F16F0003F16E02C300B1E7194424
:100740008DE703F15C0003F15B02C300A9E741F010
:100750000103C7E90455C5E902006B60695071E700
:1007600079689210012404FA02F20A437A60A6E73B
:10077000B3F5AA7F06D8CB0B03F1780003F177021B
:10078000C3008EE740F25452934206D88B0C03F11B
:100790007D0003F17C02C30083E74FF47E737E2269
:1007A0007FE741F001036B60CCF800104AE700BF1F
:1007B000B80A0024C40E0024F46100249368002BBE
:1007C00000F085802DE9F04FB1F90C300C46190787
:1007D000804683B0174698B225D523691BB310F025
:1007E00002033D682DD04FF0000ADFF8BCB2564638
:1007F000B9465E453346524628BF5B464046002E0A
:1008000052D0E169676AB847002856DDD9F8083048
:100810001B1A8244361AC9F80830002BE9D100208F
:1008200003B0BDE8F08F21464046FEF749FC0028A2
:1008300040F03681B4F90C303D6898B210F00203F4
:10084000D1D110F0010944D14E46009746B382053C
:10085000D4F808B040F18380B3455A4600F2B28024
:1008600010F4906F40F0BF80206801924946FCF779
:10087000EFFBA368019AA3EB0B012368A16013446B
:10088000B24623600026009B9868A0EB0A00D14482
:1008900098600028C3D0B4F90C0080B2002ED6D1E5
:1008A000D5E900960835D1E7D5E900A60835A0E7D7
:1008B00021464046FFF750FD80B3B4F90C3043F0B9
:1008C00040034FF0FF30A38103B0BDE8F08F00205C
:1008D00070471E46AA46994618461D46009756B3CD
:1008E00088B34A46D4E904132068B24228BF32468E
:1008F000884205D9A16803EB010B5A4500F3A68095
:10090000934263DCE169676A2A464046B847B0F122
:10091000000BD2DDB9EB0B09CAD00120009A936815
:10092000A3EB0B035D44A6EB0B069360002B3FF497
:1009300076AF002ED4D10AF1080353E902569A4645
:100940000833002EF9D032460A212846EFF788FFF7
:10095000002800F09C800130A0EB0509C1E7206869
:100960002369984216D86369B34213D86FF00042E6
:10097000B24228BF3246E16992FBF3F2676A02FB9A
:1009800003F340464A46B847B0F1000A95DDA6EBAE
:100990000A0678E7B345DA4628BFB24652464946CA
:1009A000FCF756FBA3682268A3EB0A035244A3603A
:1009B0002260002BEBD121464046FFF7CDFC0028FA
:1009C000E5D07AE72068B34632464EE729460192E1
:1009D000FCF73EFB019AA3689B1AA36023681344AB
:1009E0002360934696E723682169A3EB010B6369B3
:1009F00003EB430A0AEBDA7A0BF101034FEA6A0AC6
:100A000033445345524684BF9A46524643052CD53B
:100A100011464046FCF76CF800283BD05A46216945
:100A20000190EFF70FFEA289019B22F4906242F041
:100A30008002A28103EB0B002361AAEB0B03C4F835
:100A400014A0A3602060B34632460EE729465A46FA
:100A5000FCF7FEFA23685B44236021464046FFF71B
:100A60007BFC00283FF456AF27E7404600F0A6FC89
:100A700003460028DED121694046FFF799FDB4F90D
:100A80000C300C2223F08003C8F8002017E7721CFA
:100A9000914627E70C22B4F90C30C8F800200EE785
:100AA0004FF0FF30BCE600BF00FCFF7F2DE9F843AC
:100AB0000746884600F538764FF00009D6E901541C
:100AC000013D11D4A389012B05F1FF3508D9B4F9F3
:100AD0000E300133214603D03846C04749EA0009A9
:100AE0006B1C04F16804EDD13668002EE6D148464F
:100AF000BDE8F88300487047BC0F0024704700BF72
:100B0000704700BF704700BF704700BF2DE9F0413C
:100B10008B890C46990796B008D504F1430301224E
:100B2000C4E90432236016B0BDE8F081B4F90E10B8
:100B30000029064627DB6A4602F02CF8002821DB54
:100B4000019D05F47045A5F50055B5FA85F54FF4FE
:100B500080686D094FF4006741463046FBF7C8FFD7
:100B6000B4F90C30F0B1204AF26343F08003C4F8CA
:100B70001480A3812060206135BB3B43A38116B064
:100B8000BDE8F081A38913F0800519D04FF040082B
:100B900041463046FBF7ACFF0025B4F90C302F4638
:100BA0000028E0D19A05BED423F0030304F14302E8
:100BB00043F002030121C4E90421A3812260B2E7CA
:100BC0004FF480682F46C7E7B4F90E10304601F0A5
:100BD000F7FF10B9B4F90C30CFE7A38923F0030372
:100BE00043F001031BB2C8E7B503010870B50C461A
:100BF000B1F90E10002996B015461E4614DB6A4660
:100C000001F0C8FF00280FDB019A02F47042A2F540
:100C10000052B2FA82F24FF4806352094FF400603E
:100C200032602B6016B070BDB4F90C10002311F0C7
:100C30008000336004D0402218462A6016B070BD90
:100C40004FF480632B6016B070BD00BFC36C70B5ED
:100C500005460C464BB153F8240080B1026843F8B6
:100C600024200023C0E9033370BD2122042101F0B8
:100C700041FE0346E8640028EDD1002070BD01214B
:100C800001FA04F6721D9200284601F033FE002896
:100C9000F3D0C0E90146E4E731B1C36C4A6853F8C8
:100CA0002200086043F82210704700BFF0B50C69BD
:100CB000064683B00D4601F1140E0020DEF8001048
:100CC0001FFA81FC02FB0C334FEA134C090C02FBA8
:100CD00001CC01309BB203EB0C4384424EF8043B41
:100CE0004FEA1C43EADC3BB1AA68A24207DD05EBF0
:100CF0008402013453612C61284603B0F0BD696859
:100D0000019301313046FFF7A1FF019B0746B8B1BF
:100D10002A690193023205F10C0192000C30EFF7C1
:100D200091FCF26C6968019B52F82100286042F83E
:100D300021503D4605EB8402013453612C61DBE711
:100D4000024B03483A46B52101F0B4FDF83B0108D7
:100D50008C3C0108030C1B04D3B90004102310F0D1
:100D60007F4F04BF0002083310F0704F04BF000132
:100D7000043310F0404F04BF80000233002805DB2D
:100D800010F0804F03F1010308BF2023184670477D
:100D90000023E4E7036813F00702014607D0DA07EF
:100DA0001FD4980721D55B080B600120704798B2CB
:100DB000A0B11046DAB20AB908301B0A1A0704BFFC
:100DC0001B0904309A0704BF9B080230DA0703D4DA
:100DD0005B0800F1010006D00B6070471B0C10206F
:100DE000E8E700207047202070479B080B60022036
:100DF000704700BF38B5C36C04460D464BB1586808
:100E0000B0B102685A6000220123C0E90435C26013
:100E100038BD2122042101F06DFD0346E064002865
:100E2000EDD1094B094800224FF4A07101F042FDB9
:100E30001C220121204601F05DFD0028F1D0012295
:100E40000223C0E90123DEE7F83B01088C3C0108DE
:100E50002DE9F04F0E691569AE4285B088461446FB
:100E600005DB2A46234635460C4616469846A368B7
:100E70006168AF19BB42B8BF0131FFF7E7FE0190CF
:100E8000002800F08780019B03F1140909EB870A11
:100E9000D14505D24B46002243F8042B9A45FBD896
:100EA00008F1140808EB860B04F11403D8451A4620
:100EB00003EB85055FD22B1B153B23F003030433A3
:100EC0001534A54238BF0423CDE902A7AC461F461E
:100ED000924605E0000C29D1C34509F1040948D91F
:100EE00058F8040B85B2002DF4D056464C4600232A
:100EF00056F8040B216882B21FFA81FE05FB02EE50
:100F0000000C0A0C734405FB002202EB13429BB257
:100F100043EA0243B44544F8043B4FEA1243E7D89E
:100F200049F8073058F8040C000CD5D0D9F8003037
:100F3000544619464D4600222688090C00FB06112E
:100F40000A449BB243EA024345F8043B54F8046B5D
:100F50002968360C8BB200FB063303EB1243A44521
:100F60004FEA1342E8D8C34549F8073009F10409AC
:100F7000B6D8DDE902A7002F02DC05E0013F03D06F
:100F80005AF8043D002BF9D0019B18461F6105B0AB
:100F9000BDE8F08F034B0448019A40F25D1101F067
:100FA00089FC00BFF83B01088C3C010812F00303E8
:100FB0002DE9F0411446064632D10D46A41020D04A
:100FC000D6F84880B8F1000F33D0E3074FF00007A0
:100FD00007D4641015D0D8F80000A8B18046E30704
:100FE000F7D5424629463046FFF732FFB5B169686A
:100FF000F36C641053F821202A6043F82150054611
:10100000E9D12846BDE8F081424641463046FFF727
:101010001FFFC8F8000007608046E0E70546D8E7F4
:10102000013B0F4A52F823200023FFF73FFE0546FD
:10103000C4E701213046FFF709FE804640B1012395
:1010400040F27122C0E904320023B0640360BCE7BF
:10105000044B054842464FF4A07101F02BFC00BF41
:10106000003E0108F83B01088C3C01082DE9F047DF
:101070000C4690462669A368496806EB6216751C03
:101080009D4207464FEA621904DD5B009D4201F173
:101090000101FADC3846FFF7D9FD8446002851D01B
:1010A000B9F1000F00F114000EDD09F105024FEA5D
:1010B000820E03460CEB8202002143F8041B93428C
:1010C000FBD1AEF114031844216904F1140318F0A4
:1010D0001F0803EB81012DD0C8F1200986464FF08F
:1010E000000A1A6802FA08F242EA0A024EF8042BD1
:1010F00053F8042B994222FA09FAF2D80B1B153B3C
:1011000023F00303043304F11502914238BF042392
:10111000BAF1000F18BF2E4640F803A0FB6C6268BE
:10112000CCF8106053F822102160604643F822404A
:10113000BDE8F087043853F8042B40F8042F994297
:10114000F9D8EBE7034B0448624640F2D91101F0AD
:10115000B1FB00BFF83B01088C3C01080B698446D9
:101160000069C01A16D10CF1140C14310CEB830277
:1011700010B401EB830301E0944508D252F8044D0A
:1011800053F8041D8C42F7D005D24FF0FF305DF8C4
:10119000044B7047704701205DF8044B704700BF57
:1011A0002DE9F84F0F691369FF1A002F0E4690467C
:1011B0007AD101F11405143202EB830205EB8303AB
:1011C00001E09D4273D253F8041D52F8044DA14230
:1011D000F7D064D37168FFF739FD8146002872D0DB
:1011E0003569D8F81020C76008F1140E06F1140014
:1011F00009F1140A06F1100C0EEB820200EB8507D0
:10120000564600215EF8044B5CF804BFA3B211FA05
:101210008BF1CB1A210CC1EB1B4101EB23419BB29B
:1012200043EA0143724546F8043B4FEA2141E9D8BD
:10123000A2EB0804153C08F11508424524F003060A
:1012400006F1040638BF0426304424F0030238BFF8
:10125000002287425244B24416D95646044654F8F6
:10126000043B11FA83F10A1402EB134289B241EAFA
:101270000243A74246F8043B4FEA2241EFD87A1EC8
:10128000101A20F00302524423B952F8043D013DE4
:10129000002BFAD0C9F810504846BDE8F88F334605
:1012A00001274646984695E7F9DB002792E700219B
:1012B000FFF7CCFC814668B101220023C9E9042371
:1012C0004846BDE8F88F074B07484A464FF410716F
:1012D00001F0F0FA034B04484A4640F2322101F093
:1012E000E9FA00BFF83B01088C3C01082DE9F04306
:1012F000884683B0012157EC106B1546FFF7A6FC1A
:10130000044600284FD0C7F30A59C7F31303B9F1B5
:10131000000F01D043F48013002E019324D06846BF
:101320000096FFF737FD002839D0DDE90013C0F142
:10133000200203FA02F20A43C34062610193002BC8
:1013400014BF02220122A3612261B9F1000F16D05D
:10135000A9F233430344C0F13500C8F800302860D7
:10136000204603B0BDE8F08301A8FFF713FD019B01
:101370006361012220302261B9F1000FE8D104EB52
:101380008203A0F23240C8F800001869FFF7E2FCBF
:10139000C0EB42102860204603B0BDE8F083009BFC
:1013A0006361019BCBE7034B0348224640F20A31BD
:1013B00001F080FAF83B01088C3C01082DE9F84F58
:1013C0001746002900F0988007F10B0580460C466F
:1013D000FBF70CFF162D5DD810252A46AF425ED8CC
:1013E00054F8041C21F003069642A4F1080962DABD
:1013F000BC4BD3F808C009EB0600844500F0978089
:10140000D0F804C02CF0010303445B68DB0768D408
:101410002CF0030C06EB0C03934247DACB0710D4F5
:1014200054F8083CA9EB030ADAF8043023F003016E
:101430008C44B444944580F211817318934280F235
:10144000E88039464046FBF753FB0746E0B154F8C5
:10145000043C23F001034B44A0F10802934200F046
:10146000D280321F242A00F2F580132A00F2AC80C9
:1014700003462246116819605168596092689A6063
:1014800021464046FFF794F84046FBF7B5FE384644
:10149000BDE8F88F25F00705002D2A469EDA0C23BB
:1014A000C8F8003000273846BDE8F88F1E46D0E95E
:1014B0000223D3609A60731B0F2B22D8D9F8043013
:1014C00003F0010333434E44C9F80430736843F01A
:1014D0000103736040462746FBF78EFE3846BDE8A1
:1014E000F88FC907ADD454F8083CA9EB030ADAF821
:1014F000041021F00301A0E7BDE8F84F1146FBF707
:10150000F7BAD9F8041001F001012943C9F8041011
:1015100009EB05014E4443F001034B60736843F04F
:101520000103083173604046FFF742F8D2E7DCF868
:10153000040020F0030B06EB0B0C05F110008445B2
:101540004DDAC9073FF57DAF54F8081CA9EB010A35
:10155000DAF8041021F003018B44B34458453FF7F7
:101560006CAF5746DAF80C1057F8080F321F242AD0
:10157000C160886000F2DB80132A40F2D6802168C7
:10158000CAF808106168CAF80C101B2A00F2DF8044
:1015900008340AF110022168116061685160A16885
:1015A00091600AEB0501ABEB050242F00102996084
:1015B0004A60DAF8043003F001031D434046CAF8DC
:1015C0000450FBF719FE6EE723680360636843600D
:1015D0001B2A68D804F1080200F108034AE709EB66
:1015E00005029A60ACEB050343F00103536054F825
:1015F000043C03F001031D43404644F8045CFBF740
:10160000FBFD27464FE750F8043C23F003031E443C
:1016100051E75746DAF80C1057F8080F321F242A02
:10162000C16088604CD8132A48D92168CAF80810CC
:101630006168CAF80C101B2A56D808340AF1100247
:101640001E462368136063685360A3689360D146A5
:101650003C4630E72146FBF7FBFC11E7D0E90213DB
:101660005746CB60996057F8081FDAF80C30CB600A
:10167000321F242A99602DD8132A29D92368CAF841
:1016800008306368CAF80C301B2A42D808340AF1C3
:10169000100322681A6062685A60A2689A606646FF
:1016A000D1463C4607E7A3688360E368C360242A09
:1016B00026D004F1100200F11003DBE63A46BFE742
:1016C000214638461E46D146FBF7C2FC3C46F2E6B0
:1016D0003B46DEE7214638466646D146FBF7B8FC76
:1016E0003C46E8E6B80A0024A168CAF81010E16890
:1016F000CAF81410242A20D010340AF118029FE7E7
:10170000236903616169416104F1180200F1180362
:10171000B0E6A368CAF81030E368CAF81430242A87
:1017200021D010340AF11803B3E73A4633E72146D3
:101730003846FBF78DFC164B33E72269CAF81820B0
:101740006269CAF81C2018340AF1200278E7A168FF
:10175000CAF81010E168CAF81410242A0DD0103409
:101760000AF1180217E72369CAF818306369CAF842
:101770001C3018340AF120038BE72269CAF81820BC
:101780006269CAF81C2018340AF1200203E700BF7E
:10179000B80A002453EC102B70B5164E23F000410C
:1017A0000025B1420446056021DC10EE106A0E43AC
:1017B0001DD0114E1E40184666B91946002210EE83
:1017C000100A0E4BEFF758FA6FF03505024608463F
:1017D00021F0004120F0FF40091520F4E000A1F2C3
:1017E000FE3140F07F53294443F40013216043EC61
:1017F000102B70BDFFFFEF7F0000F07F0000504313
:1018000010B50C46B1F90E1001F01EFA002803DBEA
:10181000236D0344236510BDA38923F48053A38162
:1018200010BD00BF2DE9F0410C46B1F90C101F4668
:10183000CB05054616460BD421F48051A1813B46C9
:10184000B4F90E1032462846BDE8F04100F0D6BF8C
:10185000B4F90E100223002201F0CAF9B4F90C10F9
:10186000EAE700BF10B50C46B1F90E1001F0C0F95F
:10187000A389421C0EBF23F4805343F48053206598
:10188000A38110BDB1F90E1001F070B830B540EA77
:101890000104A30701D1032A0FD8844601F1FF3EBA
:1018A00007E01EF8011F03F8011B541EC1B19C463E
:1018B00022466346002AF4D130BD0B4684461946C1
:1018C00053F8045BA5F1013424EA050414F0803FC9
:1018D000E4D1043A032A4CF8045B1946EFD8DDE75B
:1018E0006244002CE8D003F8011B9342FBD130BDC9
:1018F0002DE9F84F4B6E9C0490462DD593681268E5
:1019000043B38B46064602F1080959E9025A5FEAD9
:101910009A0715D0043D002401E0A7420ED055F8E7
:10192000041F5A46304601F001F9431C04F101043A
:10193000F3D10023C8E90133BDE8F88FD8F80830A7
:101940002AF0030AA3EB0A03C8F8083009F10809D2
:10195000002BDAD10020ECE7FEF730FF0023C8E9C6
:101960000133BDE8F88F00BF10B494681CB15DF876
:10197000044BFFF7BDBF204654605DF8044B704731
:101980002DE9F04F2DED028BBBB008EE101A08EEDA
:10199000900A1C461746039318B1836B002B00F086
:1019A0009C8218EE102A536EDE0740F19E81B2F938
:1019B0000C108AB2900409D441F4005218EE101AA7
:1019C0004B6E8A8123F4005392B24B66110740F1AB
:1019D000F88018EE103A1B69002B00F0F28002F03C
:1019E0001A030A2B00F0FE8011AB0E930023CDE901
:1019F0000F33CDE9083306930DF1440907930293A1
:101A00003B78002B00F05B813C4604E014F8013F7A
:101A1000002B00F03481252BF8D1E51B40F03181FB
:101A20002378002B00F04B814FF0000300258DF848
:101A30003330671C637801954FF0FF3B2B2401374F
:101A4000A3F120025A2A00F26181DFE812F0AB0212
:101A50005F015F01A7025F015F015F016A005F0133
:101A60005F0149027E025F015402B9025F01B502C3
:101A70005B005B005B005B005B005B005B005B008E
:101A80005B005F015F015F015F015F015F015F015B
:101A90005F015F01360284005F015F015F015F014A
:101AA0005F015F015F015F015F015F01E5005F01B1
:101AB0005F015F011A025F016C025F015F014C056B
:101AC0005F015F015F015F015F015F015F015F0116
:101AD0005F015F01360286005F015F015F01620204
:101AE000860080005F0158025F019402E7008202D5
:101AF00080005F011A027E006C055F015F016E05C8
:101B00005F017E00A3F13002002117F8013B01EBD9
:101B1000810102EB4101A3F13002092AF5D90191BB
:101B20008EE718EE900AFEF7E5FF43680893184623
:101B3000EEF726FE0990064618EE900AFEF7DAFF49
:101B400083680793002E40F0A9843B7877E73B78C1
:101B500045F0200573E745F01005AC06039E40F103
:101B60008281073626F007063246736852F8086B02
:101B700003929846002BC0F25984BBF1FF3F00F05E
:101B80003E8556EA080325F0800A00F034840A2EC8
:101B900078F1000380F0EB84303601238DF8E760A4
:101BA000554600930DF1E704009A9DF833305A45ED
:101BB000B8BF5A469046002B00F0B78002F10108EA
:101BC000B3E018EE101A18EE900A18EE105AFDF74E
:101BD00077FA002840F0AC85AA8902F01A030A2B94
:101BE0007FF402AF18EE101AB1F90E30002BFFF699
:101BF000FBAE4B6EDE0702D4950540F1778518EEFB
:101C0000101A18EE900A23463A463BB0BDEC028B00
:101C1000BDE8F04F00F0B2BD45F0100515F020080A
:101C200000F01281039E073626F007063346D6F8E9
:101C3000048053F8086B039325F4806A00234FF067
:101C400000028DF83320BBF1FF3F00F0D38156EA4C
:101C500008022AF0800540F0CC81BBF1000F40F073
:101C6000D184002B40F0CC831AF00103009300F0E4
:101C7000FC8330238DF8E7300DF1E70494E7E51B92
:101C80001DD00F9B109A01332A44072BC9E9007518
:101C900010920F9305DC09F10809029B2B44029373
:101CA000BEE6002A00F0A38318EE101A18EE900A80
:101CB0000EAAFFF71DFE40B90DF14409EDE7109B98
:101CC000002B40F0248500230F9318EE102A536E4A
:101CD000D90740F1AE8093895B0600F13285029806
:101CE0003BB0BDEC028BBDE8F08FB2F90C108D0556
:101CF00018EE103A8AB23FF55DAE18EE105A986DA4
:101D0000FEF700FFB5F90C108AB253E6002BD6D0CF
:101D10008DF884304FF001084FF000038DF8333018
:101D2000CDF8008021AC4FF0000B15F002030493B6
:101D300018BF08F1020815F08403059305D1019B33
:101D4000A3EB0806002E00F37F82DDE90F21501C73
:101D50009DF833608EB10DF133020131C9F80020D6
:101D600007284FF00102CDE90F01C9F8042000F364
:101D70004C82024609F108090130049BEBB10DAB1E
:101D80000231C9F8003007284FF00203CDE90F01F6
:101D9000C9F8043040F35382002900F0238318EE81
:101DA000101A18EE900A0EAAFFF7A2FD00288CD197
:101DB000DDE90F210DF14409501C059B802B00F03B
:101DC0005A81009BABEB0306002E00F3BD81009B04
:101DD000C9F8004019440728CDE90F01C9F80430BB
:101DE00040F34681002900F0898218EE101A18EE9F
:101DF000900A0EAAFFF77CFD00287FF466AF1099C9
:101E00000DF14409680705D5019BA3EB0804002CDC
:101E100000F37E82DDE901234245ACBF9B184344B9
:101E20000293002940F0E08100230F930DF1440953
:101E3000E6E593899A053FF54FAF18EE104AA06D7D
:101E4000FEF762FEA38947E715F0100340F03E83DA
:101E500015F0400200F0FD83039A52F8046B0392E0
:101E60009846B6B2E8E656F8043B0396E80600F159
:101E70000883690640F1028343F3C0381EB243462B
:101E800078E6039E56F8044B4FF000038DF833308C
:101E9000002C00F0C583BBF1FF3F00F049835A4698
:101EA00000212046EEF7DCFC002800F02484031B10
:101EB000009303964FF0000B76E6039E4FF000036D
:101EC0008DF833304FF0010856F8043B8DF884301C
:101ED0000396CDF8008021AC25E7FEF771FA60E5A6
:101EE000039B53F8042B0192002A80F2BA82019AD4
:101EF0000393524201923B7845F004059FE53B78FD
:101F00006C2B03BF7B7845F02005013745F01005A9
:101F100095E53B78682B03BF7B7845F40075013766
:101F200045F040058BE545F0100A1AF0200800F056
:101F30006E82039E073626F007063346D6F80480E5
:101F400053F8086B0393012379E63B788DF833400F
:101F500075E5039B53F8046B039330238DF83430FD
:101F600078238DF83530C24B069345F0020A4FF0C6
:101F70000008022363E6AE0600F19E82EC0600F143
:101F80004783680600F1A483A90540F14183039EBD
:101F9000029A56F8043B03961A7031E53B7845F0F7
:101FA00001054CE59DF83330002B7FF4CEAD2023A6
:101FB0008DF833303B7842E53B7845F080053EE5CF
:101FC000394611F8013B2A2B00F0C483A3F13002FB
:101FD000092A0F464FF0000B3FF632AD17F8013BD0
:101FE0000BEB8B0B02EB4B0BA3F13002092AF5D95B
:101FF00026E5AA46012B3FF4CAAD022B3AAC12D11A
:10200000069A06F00F033609D35C04F8013D46EA50
:1020100008764FEA181856EA0803F2D13AAB1B1BB0
:1020200055460093C0E506F00703F60846EA4876F1
:102030004FEAD808303356EA0801224604F8013D39
:10204000F1D11AF0010FE9D0302BE7D03023023A5A
:1020500004F8013C3AAB9B1A554600931446A3E59D
:10206000009911940123129110910F930DF14409DD
:1020700009F10809C6E6019BA3EB0806002E7FF7CD
:10208000A0AE102E40F36283DFF8E8A15346CDE9FD
:102090000445BA4618EE904A18EE105A084696467D
:1020A0001F4607E00EF1020C09F108099646103EA2
:1020B000102E1FDD0EF1010210301023072ACDE98A
:1020C0000F20C9F80070C9F80430EBDD0EAA002813
:1020D00000F09580294620460DF14409FFF708FCE1
:1020E00000287FF4F2ADDDE90FE0103E102E0EF176
:1020F000010CDFDCDDE904453B46014657469A46C4
:102100003144BCF1070FCDE90FC1C9F800A0C9F8EF
:10211000046040F3AD81002900F0CA8218EE101A65
:1021200018EE900A0EAAFFF7E3FB00287FF4CDAD6E
:10213000009BDDE90F21ABEB0306002E02F101004D
:102140000DF144097FF743AE102EDFF828A137DDEB
:102150005346CDE90445BA4618EE904A18EE105A97
:102160004FF0100B084694461F4607E00CF1020E94
:1021700009F108099446103E102E1ADD0CF10102F7
:102180001030072AC9E9007BCDE90F20EEDD0EAA49
:1021900020B3294620460DF14409FFF7A9FB00288A
:1021A0007FF493ADDDE90FC0103E102E0CF1010E4F
:1021B000E4DCDDE904453B460146574670469A4655
:1021C00031440728CDE90F01C9F800A0C9F804601F
:1021D00000F3F28009F108090130F8E54FF0010E33
:1021E00084460DF14409C6E718EE101A18EE900A5D
:1021F0000EAAFFF77DFB00283FF416AE65E54FF011
:10220000010C86460DF1440951E7002900F0E780F2
:1022100018EE101A18EE900A0EAAFFF769FB0028B4
:102220007FF453ADDDE90F210DF14409501CA4E505
:1022300002210DAB1291119301200DF144090246C8
:1022400009F10809501CB8E5102E40F35A82DDE967
:102250000FC1DFF824A0CDF828B00B95A34618EEE7
:10226000105A5446102318EE90AA08460EE000BFFC
:10227000943B01081C3E01080C3E01080CF1020EC3
:1022800009F108099446103E102E1CDD0CF10102E4
:102290001030072AC9E90043CDE90F20EEDD0EAA70
:1022A00030B3294650460DF14409FFF721FB0028C1
:1022B0007FF40BADDDE90FC0103E102E0CF1010EC6
:1022C0004FF01003E2DCA2460B9D5C46DDF828B01F
:1022D000014672463144072ACDE90F21C9F800A012
:1022E000C9F8046000F3AB8009F10809501C2FE520
:1022F00084464FF0010E0DF14409C4E76C070F91BD
:1023000052D5019BA3EB0804002C4DDD0DF14409CF
:10231000102C40F30882DFF85CA40F9A0B46BB46F2
:102320004946574618EE109A18EE90AA102505E077
:10233000901C08313246103C102C18DD561C10330E
:10234000072EC1E90075CDE90F63F1DD0EAA3BB39D
:1023500049465046FFF7CCFA00287FF4B6ACDDE9D9
:102360000F23103C102C02F1010011A9E6DC894674
:10237000BA4619465F4621440728C9E900A4CDE9B9
:102380000F017FF747AD79B118EE101A18EE900AD9
:102390000EAAFFF7ADFA00287FF497AC109939E543
:1023A00001201A4611A9C6E7DDE901234245ACBF69
:1023B0009B184344029337E500293FF451AE18EED1
:1023C000101A18EE900A0EAAFFF792FA00287FF46E
:1023D0007CAC0F98109901300DF14409F7E4049B8F
:1023E000002B79D101200A460DF14409E5E40F9252
:1023F0000DF1440951E4BBF1000F7FF4CDAB55461C
:102400004FF0000BCDF800B03AACFFF7CDBB1AF09F
:1024100010033CD11AF0400200F00C81039A52F8EC
:10242000046B03929846B6B2012308E42D2376424A
:102430008DF8333068EB4808AA46012303E40029ED
:102440007FD018EE101A18EE900A0EAAFFF750FA75
:1024500000287FF43AACDDE90F210DF14409501C4E
:1024600076E403933B78FFF7EABA3AACFFF79CBBFC
:1024700009F108090CF101006246A2E4AA0500F185
:102480002F814FEAE3781E464346FFF773BB039B59
:1024900053F8046B03930123FFF7D1BB079B002B79
:1024A0003FF453AB079B1B78002B3FF44EAB3B78BC
:1024B00045F48065FFF7C3BADDE9021656F8042B30
:1024C0000396CB17C2E90013FFF79ABA039B53F8A0
:1024D000046B0393FFF7B0BB02210DAB1291119374
:1024E0000DF14409ACE6A04A069215F0200836D05A
:1024F000039E073626F007063246D6F8048052F8C7
:10250000086B0392EA0709D556EA080206D08DF84F
:102510003530302345F002058DF8343025F4806ADB
:102520000223FFF78CBBAA46FFE4904A0692DCE741
:1025300020460396EEF724F94FF0000B0090FFF7CA
:1025400033BB9DF83320002A00F0B88001200DF144
:102550003302129011920DF14409014609E415F07D
:10256000100242D0039A52F8046B0392CAE70AF4AD
:102570008063CDF800B0CDF81090BB46DDF81C901C
:1025800000253AAC1F4609E030464146EDF7D8FE3B
:102590000A2E78F100031BD3064688463046414692
:1025A0000A220023EDF7CCFE1146303104F8011C5D
:1025B0000A220023013C0135002FE5D099F80010D4
:1025C000A942E1D1FF2DDFD00A2E78F100035BD2C2
:1025D0003AAB1B1BCDF81C905F46DDF81090DDF880
:1025E00000B000935546FFF7DFBA15F040013ED02A
:1025F000039951F8046B03919046B6B282E7AA465C
:10260000FFF7C5BA012BAA467FF4F7ACFFF7C4BAAF
:10261000039E029A56F8043B1A600396FFF7F0B93E
:102620005B46062B28BF0623514C00930396984621
:10263000FFF779BB039B1AF4007814BF53F8046BBF
:1026400053F8046B03931CBF9046F6B20123FFF7C7
:10265000F6BA039B15F4007814BF53F8046B53F8D3
:10266000046B03931CBF9046F6B2FFF7E5BA039ADA
:1026700015F4007814BF52F8046B52F8046B0392FF
:102680001CBF8846F6B23DE7099B0899E41A1A4632
:102690002046FFF7FBF899F801300BB109F1010969
:1026A000304641460A2200230025EDF749FE73E734
:1026B00001200A460DF14409FFF783BB049B002B60
:1026C0007FF4B6AD0A4601200DF14409FFF779BB4E
:1026D000039E029A56F8043B03961A80FFF790B9BE
:1026E00043F3C0185EB24346FFF744BA886DFEF765
:1026F0000BFAFFF784BACDF800B003968346FFF7D4
:1027000053BA0F9A1099DFF86CA00132E2E518EE87
:10271000101A18EE900A0EAAFFF7EAF800283FF404
:10272000D2AAFFF7D2BA0F98DFF848A0013022E60C
:102730006B6EDB0705D4AB899F0502D4A86DFEF74D
:10274000E3F94FF0FF330293FFF7C9BADFF828A08F
:102750008446D5E4039A7B780F4652F8041B039213
:1027600041EAE17BFFF76BB9A83B0108943B010804
:10277000BC3B01080C3E01081C3E010870B50C462C
:102780008989ADF58E6D21F00201ADF81410616EEE
:102790001B91E189ADF81610E1690991616A0B910D
:1027A0001CA9029106914FF480610646049107919D
:1027B00018A80021CDE900320891FEF79FF9DDE964
:1027C000003202A93046FFF7DBF8051E07DB02A93D
:1027D0003046FDF7C1FD002818BF4FF0FF35BDF8AA
:1027E00014305B0603D5A38943F04003A3811898F6
:1027F000FEF786F928460DF58E6D70BD38B50C468E
:10280000084D8446114620461A4600232B60644634
:10281000EFF7F6F8431C00D038BD2B68002BFBD037
:10282000236038BDC06100242DE9F047DFF880A0A7
:102830000646DAF8000098460F469146FEF762F920
:102840001A4B1B68D3F8484124B365681F2D26DC5A
:102850005EB96B1C0235DAF80000636044F825703D
:10286000FEF752F90020BDE8F08704EB8501012353
:10287000C1F88890D4F88821AB401A43022EC4F8DE
:102880008821C1F80881E4D1D4F88C211343C4F81D
:102890008C31DEE703F5A674C3F84841D5E7DAF8D2
:1028A0000000FEF731F94FF0FF30DCE7803B010814
:1028B000C80E002400B50B4C25681446EE681A4675
:1028C00085B003460D464CB107490095CDE901148A
:1028D0003046064900F0C2F800F050FA04490C46B0
:1028E000F3E700BF8C0600242C3E01083C3E0108A3
:1028F0001C38010838B5A1FB02148CBBFAF7F8F8B4
:102900000546E0B150F8042C22F00302043A242AD0
:1029100017D8132A1AD91B2AC0E900441DD9242A22
:1029200014BF00F1100200F118024FF00003C0E9DB
:10293000024404BF04614461C2E900339360284645
:1029400038BD2146FAF700FC284638BD0246002370
:10295000C2E900339360284638BD00F10802F6E76B
:10296000FDF75CFC0C2300250360E8E738B5074D54
:102970000022044608462A60EFF75EF8431C00D0A8
:1029800038BD2B68002BFBD0236038BDC06100240C
:1029900070B500294BD006460C4610B1836B002B56
:1029A00048D0636ED80734D5B4F90C30002B3ED034
:1029B00021463046FDF738FCE36A054633B1E1694C
:1029C000304698470028B8BF4FF0FF35A3891A0654
:1029D0003BD4216B41B104F14003994202D030460F
:1029E000FDF7E6FD00232363616C21B13046FDF75E
:1029F000DFFD00236364FDF769FD636E0022DB07E2
:102A0000A28127D5A06DFEF77BF8FDF765FD28466E
:102A100070BDA3899905CBD4A06DFEF773F8B4F906
:102A20000C30002BC4D1656E15F0010508D00025CF
:102A3000284670BDFDF7C4FC636ED807B4D4E8E740
:102A4000A06DFEF761F8284670BD21693046FDF79C
:102A5000AFFDBEE7A06DFEF757F8D3E70EB410B593
:102A600083B005AB064C53F8042B01930146206854
:102A7000FEF786FF03B0BDE8104003B0704700BF0B
:102A80008C0600242DE9F04782B082468846144621
:102A900000F0A8F8012803D108F1FF33FE2B36D946
:102AA000424604F15C0301A9504600F03BF9421C88
:102AB000064632D030B39DF804C00DF1050900255B
:102AC00009E023685A1C226083F800C00135B54232
:102AD00018D219F801CBA368013B002BA360F0DAF0
:102AE000A769BB4261462246504602DBBCF10A0F91
:102AF000E7D100F0BFF8431CE8D10646304602B0EB
:102B0000BDE8F0874646304602B0BDE8F0875FFA80
:102B100088FC8DF804C00646CFE7A389304643F011
:102B20004003A38102B0BDE8F08700BF30B5536E0B
:102B300013F0010FB2F90C30144683B005469AB277
:102B400001D198051CD5900406D4626E43F400535D
:102B500042F40052A381626622462846FFF792FFA4
:102B6000636EDA07054602D4A3899B0502D5284681
:102B700003B030BDA06DFDF7C7FF284603B030BDE0
:102B8000A06D0191FDF7BEFFB4F90C3001999AB226
:102B9000D9E700BF70B50C46084D03460026204615
:102BA00011461C462E60EEF773FF431C00D070BD2B
:102BB0002B68002BFBD0236070BD00BFC0610024D8
:102BC00038B5074D0022044608462A60EEF70CFF90
:102BD000431C00D038BD2B68002BFBD0236038BDD0
:102BE000C0610024014B93F828017047CC0E0024EB
:102BF00038B50C46084D8446114620461A46002337
:102C00002B606446EEF724FF431C00D038BD2B68D0
:102C1000002BFBD0236038BDC061002482B049B1D5
:102C20005AB16BB113780B601278101E18BF0120D7
:102C300002B0704701A9002AF3D1104602B07047D4
:102C40006FF00100F4E700BF38B50C46084D84462C
:102C5000114620461A4600232B606446EEF700FF1B
:102C6000431C00D038BD2B68002BFBD0236038BD3F
:102C7000C0610024F8B50D461446064610B1836BBA
:102C8000002B43D0B4F90C20A369A360170790B2BE
:102C90001BD52369CBB1EDB281042F4622D5226822
:102CA0006169D31A994229DD0133A1680139A16014
:102CB000511C2160157062699A422AD0A389DB07F2
:102CC00001D50A2D25D03846F8BD21463046FCF7FF
:102CD000F7F920BBB4F90C20236990B2EDB281045E
:102CE0002F46DCD442F40052A281626E616922F464
:102CF000005262662268D31A9942D5DC21463046DA
:102D0000FDF72AFB58B922680123CEE7FDF758FBEF
:102D1000B8E721463046FDF71FFB0028D3D04FF01F
:102D2000FF37D0E770B5054684B01C4639B10B4E6D
:102D3000D6F8E060B047431C09D004B070BD0A4625
:102D40000649D1F8E06001A9B047431CF5D1002243
:102D50008A2322602B6004B070BD00BFCC0E00241B
:102D600049B1FF2A02D80A70012070478A23036004
:102D70004FF0FF3070470846704700BF08B5062087
:102D800000F004F80120EEF713FF00BF38B5154B33
:102D90001F281D6820D8D5F8DC22044662B152F8FD
:102DA00020304BB1012B15D0591C0FD0002542F813
:102DB00020509847284638BD284600F02BF8224678
:102DC00001462846BDE8384000F00EB816232B60B7
:102DD000012038BD002038BD16232B604FF0FF3096
:102DE00038BD00BF8C06002470B50C46084D034664
:102DF0000026204611461C462E60EEF7D1FE431CED
:102E000000D070BD2B68002BFBD0236070BD00BFCD
:102E1000C0610024EEF7C2BEF8B500BFF8BC08BC24
:102E20009E467047F8B500BFF8BC08BC9E46704788
:102E30004574686572636174536C61766500000067
:102E400064656661756C745461736B00302E0108A3
:102E50000000000000000000000000000000000072
:102E60000010000019000000000000000000000039
:102E7000402E0108000000000000000000000000DB
:102E8000000000000010000018000000000000001A
:102E90000000000048414C5F4F5350495F7472611D
:102EA0006E736D6974434D4420657272200000009A
:102EB00000000000010203040102030406070809E0
:102EC000010002000400060008000A000C001000C7
:102ED00020004000800000010804020408010101F4
:102EE00001010103070100004465766963652074F0
:102EF000797065004572726F7220726567697374CC
:102F000065720000446576696365206E616D6500D9
:102F100048617264776172652076657273696F6E5D
:102F200000000000536F66747761726520766572E9
:102F300073696F6E000000004964656E746974798E
:102F40000056656E646F722049440050726F64755C
:102F5000637420636F6465005265766973696F6E90
:102F60000053657269616C206E756D62657200FF59
:102F7000000000004572726F722053657474696EB0
:102F80006773004C6F63616C204572726F722052E0
:102F900065616374696F6E0053796E632045727268
:102FA0006F7220436F756E746572204C696D697421
:102FB00000FF0000444F20527850444F2D4D617067
:102FC00000FF0000547850444F20506172616D65DD
:102FD0007465720000000000004578636C756465DC
:102FE00020547850444F7300547850444F537461C8
:102FF00074650000547850444F20546F67676C65C7
:1030000000FF0000444920547850444F2D4D61701A
:1030100000FF000053796E63206D616E6167657219
:103020002074797065000000527850444F2061731D
:103030007369676E00000000547850444F2061733C
:103040007369676E00000000534D206F75747075D2
:103050007420706172616D657465720053796E637E
:1030600068726F6E697A6174696F6E2054797065E9
:10307000004379636C652054696D65000053796E77
:103080006368726F6E697A6174696F6E20547970CB
:10309000657320737570706F72746564004D696E2E
:1030A000696D756D204379636C652054696D6500A9
:1030B00043616C6320616E6420436F7079205469B2
:1030C0006D650000476574204379636C6520546921
:1030D0006D650044656C61792054696D65005379B4
:1030E0006E6330204379636C652054696D650053CD
:1030F0004D2D4576656E74204D697373656400438C
:1031000079636C652054696D6520546F6F20536D31
:10311000616C6C0053686966742054696D65205455
:103120006F6F2053686F7274000000000000000091
:10313000000000000000000000000053796E6320D2
:103140004572726F7200FF00534D20696E70757486
:1031500020706172616D657465720053796E636889
:10316000726F6E697A6174696F6E20547970650050
:103170004379636C652054696D65000053796E6313
:1031800068726F6E697A6174696F6E2054797065C8
:103190007320737570706F72746564004D696E6929
:1031A0006D756D204379636C652054696D650043CE
:1031B000616C6320616E6420436F70792054696D87
:1031C000650000476574204379636C652054696D20
:1031D000650044656C61792054696D650053796EB2
:1031E0006330204379636C652054696D6500534DED
:1031F0002D4576656E74204D69737365640043795F
:10320000636C652054696D6520546F6F20536D6148
:103210006C6C0053686966742054696D6520546F46
:103220006F2053686F7274000000000000000000FF
:103230000000000000000000000053796E6320458C
:1032400072726F7200FF0000444920496E707574FD
:103250007300496E666F496E0044617461496E3156
:103260000044617461496E320044617461496E3397
:103270000044617461496E340044617461496E3583
:103280000044617461496E360044617461496E376F
:103290000044617461496E380044617461496E395B
:1032A0000044617461496E31300044617461496E5B
:1032B00031310044617461496E313200FF00000019
:1032C000444F204F75747075747300496E666F4F6C
:1032D000757400446174614F7574310044617461A8
:1032E0004F75743200446174614F757433004461EA
:1032F00074614F75743400446174614F75743500A6
:10330000446174614F75743600446174614F757423
:103310003700446174614F75743800446174614FC3
:1033200075743900446174614F75743130004461C3
:1033300074614F7574313100446174614F7574313B
:103340003200446174614F7574313300FF00000036
:1033500041492053657474696E677300456E6162FC
:103360006C652075736572207363616C65005072C3
:103370006573656E746174696F6E000000000045CE
:103380006E61626C65206C696D6974203100456EF8
:1033900061626C65206C696D697420320000000008
:1033A00000000000004F6666736574004761696E37
:1033B000004C696D69742031004C696D697420326C
:1033C00000FF00004D6F64756C6172206465766962
:1033D00063652070726F66696C65004D6F64756C13
:1033E0006520696E6465782064697374616E6365D5
:1033F000004D6178696D756D206E756D6265722026
:103400006F66206D6F64756C657300FF00000000CF
:103410004D6F64756C652070726F66696C65206CA9
:10342000697374000500080007000A00C000070067
:103430000A00D00007000000050008000700070090
:1034400020000700070020000700070020000700F9
:103450000700200007000000050008000700070023
:1034600020003F00060010003F000000050008009B
:1034700007000700200007000700200007000700E2
:1034800020000700070020000700070020000700B9
:1034900007002000070007002000070007002000A9
:1034A00007000700200007000700200007000700B2
:1034B0002000070007002000070007002000070089
:1034C00005000800070000000000000000000000E8
:1034D00000000000000000000000000000000000EC
:1034E000000000000A0000008700010001008700C2
:1034F0000000000000000100010087000500080036
:103500000700070020000700070020000700070051
:103510002000070007002000070007002000070028
:103520000700200007000700200007000700200018
:103530000700070020000700070020000700070021
:1035400020000700070020000700070020000700F8
:103550000500080007000500080007000500080036
:103560000700060010000F00070020000700000001
:1035700020000000060010000700070020000700E0
:1035800007002000070000002000000006001000D7
:103590003F00070020000700070020003F00060052
:1035A00010000700060010000700000010000000D7
:1035B00000001000000000002000000000002000BB
:1035C00000000000200000000000200000000000BB
:1035D00000000000000000000000000000000000EB
:1035E00000000000000000000000000000000000DB
:1035F00000000000000000000000000000000000CB
:1036000000000000000000000000000000000000BA
:1036100000000000000000000000000001000100A8
:10362000070000000500080007000B00800087006D
:103630000B00800087000B00800087000B008000DB
:1036400087000B00800087000B00800087000B00C4
:10365000800087000B00800087000B00800087003F
:103660000B00800087000B00800087000B008000AB
:1036700087000B00800087000500080007000B0092
:10368000800047000B00800047000B0080004700CF
:103690000B00800047000B00800047000B008000FB
:1036A00047000B00800047000B00800047000B0024
:1036B000800047000B00800047000B00800047009F
:1036C0000B00800047000B00800047000500080049
:1036D0000700010001003F03000803003F03000052
:1036E00000000000000000000000000002000000D8
:1036F000000000000000010001003F030100010084
:103700003F0300000800000000000000000000006F
:1037100000000000000000000000000000000000A9
:103720000000000000000000000000000000000099
:103730000000030010003F03040020003F030300CB
:1037400010003F03030010003F03000005000800C5
:103750000700060010000700060010000700000028
:1037600005000800070007002000070007002000F0
:1037700007000700200007000500080007000600FA
:1037800010000700070020000700000005000800E7
:103790000700000009006800070000000900180089
:1037A000070000000900180007000000207053798E
:1037B0006E634D616E203D2047657453796E634D95
:1037C000616E284D41494C424F585F57524954450C
:1037D00029202C207053796E634D616E2D3E536508
:1037E0007474696E67735B534D5F53455454494E0F
:1037F000475F41435449564154455F4F4646534500
:10380000545D206973203A253078200D0A000000AD
:10381000736D3100736D32003131330D00000000E3
:10382000534D4C656E677468203D2025640D0A0079
:103830006E5064496E70757453697A65203D202519
:10384000640D0A003131340D000000003131350DB6
:10385000000000003131360D000000003131370D1D
:10386000000000003131380D000000003131390D09
:1038700000000000726573756C74203D2025780D82
:103880000A0000006E50644F757470757453697A45
:1038900065203232323D2025640D0A0073444F4FBB
:1038A0007574707574732E753136537562496E6414
:1038B000657830203D307825780D0A00736D37002B
:1038C000736D38003231330D000000006E50644FCC
:1038D000757470757453697A65313131203D2025D6
:1038E000640D0A00636865636B536D536574746996
:1038F0006E677328736D3229202C73746174652090
:103900005052454F50202E2E2E200D007032533134
:10391000203D25780D0A000070325332203D257875
:103920000D0A0000636865636B536D5365747469B9
:103930006E6773202C737461746520534146454F44
:1039400050264F50202E2E2E200D000073746174CF
:1039500065203A202020494E49545F325F5052453D
:103960004F50202E2E2E0D007265616420746573F9
:103970007420627974652072656720283078363447
:10398000292C207265616444617461206973202070
:103990003A202530782C200D0A000000704F626A12
:1039A000456E747279203D20307825780D0A00002C
:1039B000704F626A456E74727920617366736166D6
:1039C000617367776567640D000000000000010007
:1039D000030007000F001F003F007F00FF00FF01F2
:1039E000FF03FF07FF0FFF1FFF3FFF7F00000000E7
:1039F000000003050000040501000405050004059E
:103A00000000010601000106020001060000020696
:103A10004100040642000406430004064700040671
:103A2000000006061000070612000706130007062E
:103A300011000906300009063100090632000906A6
:103A400033000906360009060000000820000008BF
:103A500021000008220000082300000803000106DE
:103A60000400010649444C4500000000546D7251A9
:103A700000000000546D7220537663000020202067
:103A8000202020202020282828282820202020200E
:103A900020202020202020202020202020881010DE
:103AA000101010101010101010101010100404043A
:103AB00004040404040404101010101010104141F8
:103AC00041414141010101010101010101010101E6
:103AD00001010101010101011010101010104242FA
:103AE00042424242020202020202020202020202B6
:103AF0000202020202020202101010102000000056
:103B000000000000000000000000000000000000B5
:103B100000000000000000000000000000000000A5
:103B20000000000000000000000000000000000095
:103B30000000000000000000000000000000000085
:103B40000000000000000000000000000000000075
:103B50000000000000000000000000000000000065
:103B60000000000000000000000000000000000055
:103B70000000000000000000000000000000000045
:103B800090060024494E4600696E66004E414E0084
:103B90006E616E0030313233343536373839616218
:103BA00063646566000000003031323334353637E7
:103BB000383941424344454600000000286E756C88
:103BC0006C29000030000000202020202020202030
:103BD0002020202020202020303030303030303065
:103BE00030303030303030304E614E00496E6669D2
:103BF0006E6974790000000042616C6C6F63207321
:103C00007563636565646564000000002F6D6E7404
:103C10002F776F726B73706163652F776F726B7341
:103C2000706163652F4743432D31302D7069706596
:103C30006C696E652F6A656E6B696E732D474343C1
:103C40002D31302D706970656C696E652D33333898
:103C50005F32303231313031385F313633343531E3
:103C6000363230332F7372632F6E65776C69622F33
:103C70006E65776C69622F6C6962632F7374646C14
:103C800069622F64746F612E630000002F6D6E7483
:103C90002F776F726B73706163652F776F726B73C1
:103CA000706163652F4743432D31302D7069706516
:103CB0006C696E652F6A656E6B696E732D47434341
:103CC0002D31302D706970656C696E652D33333818
:103CD0005F32303231313031385F31363334353163
:103CE000363230332F7372632F6E65776C69622FB3
:103CF0006E65776C69622F6C6962632F7374646C94
:103D000069622F6D707265632E6300000000000011
:103D10000080E03779C34143176E05B5B5B89346C7
:103D2000F5F93FE9034F384D321D30F94877825A93
:103D30003CBF737FDD4F1575000000000000F03FB1
:103D40000000000000002440000000000000594076
:103D50000000000000408F40000000000088C340C9
:103D600000000000006AF8400000000080842E413E
:103D700000000000D01263410000000084D797418A
:103D80000000000065CDCD41000000205FA0024290
:103D9000000000E876483742000000A2941A6D4205
:103DA000000040E59C30A2420000901EC4BCD642F8
:103DB00000003426F56B0C430080E03779C34143A3
:103DC00000A0D8855734764300C84E676DC1AB4319
:103DD000003D9160E458E143408CB5781DAF154437
:103DE00050EFE2D6E41A4B4492D54D06CFF0804412
:103DF000F64AE1C7022DB544B49DD9794378EA4427
:103E000005000000190000007D0000002020202097
:103E10002020202020202020202020203030303062
:103E20003030303030303030303030302C2066752B
:103E30006E6374696F6E3A200000000061737365F1
:103E40007274696F6E2022257322206661696C6529
:103E5000643A2066696C6520222573222C206C69E7
:103E60006E65202564257325730A00004300000059
:0C3E7000504F5349580000002E00000085
:083E7C00F4C4FE7F0100000008
:083E840095F100082503000878
:043E8C000103000826
:103E90000090D0030090D00301000000100000004B
:103EA00000000000000000000008280002090000D7
:103EB0002434010800000000C003002400000000BA
:103EC00000000000000000000000000000000000F2
:103ED000011621000D0900006C340108B42F0108FF
:103EE0001006002400000000000000000000000098
:103EF000000000000000000002182A00090900006C
:103F0000C0340108C42F01081C0400246D86000879
:103F100000000000000000000000000000000000A1
:103F2000001A21000D090000FC34010804300108CA
:103F30000405002400000000000000000000000054
:103F40000000000000000000121C06000108000034
:103F500078370108283001086006002400000000BE
:103F60000000000000000000000000000000000051
:103F7000131C0600020800007837010838300108D9
:103F800064060024000000000000000000000000A3
:103F9000000000000000000000602A000D09000081
:103FA00024360108483201083004002400000000D3
:103FB0000000000000000000000000000000000001
:103FC00010702A000D09000078360108C03201087F
:103FD0003C0500240000000000000000000000007C
:103FE000000000000000000020802A0014090000EA
:103FF000CC360108503301082004002400000000E2
:1040000000000000080000000000000000000000A8
:1040100000F02A00020900004C370108C4330108EF
:10402000480600240000000000000000000000001E
:10403000000000000000000010F00700030800006E
:104040006037010810340108500600240000000009
:104050000000000000000000000000000000000060
:10406000FFFF000000000000000000000000000052
:104070000000000000000000000000000000000040
:104080000000000000000000001007000007000012
:1040900084370108E82E01081804002400000000FD
:1040A0000000000000000000000000000000000010
:1040B00001100500000700008C370108F42E0108EC
:1040C000F4110024000000000000000000000000C7
:1040D00000000000000000000810090000070000B8
:1040E00094370108042F0108A803002400000000F1
:1040F00000000000000000000000000000000000C0
:1041000009100900000700009C370108102F010862
:10411000B8030024000000000000000000000000C0
:1041200000000000000000000A1009000007000065
:10413000A4370108242F0108BC030024000000005C
:10414000000000000000000000000000000000006F
:10415000181023000409000038340108382F010822
:10416000FC0300240000000000000000000000002C
:104170000000000000000000F1102A000209000009
:1041800058340108742F01087C0600240000000048
:10419000000000000000000000000000000000001F
:1041A000001C050004080000503501081430010807
:1041B00010040024000000000000000000000000C7
:1041C0000000000000000000321C2900200900004F
:1041D0005C350108483001082C170024000000005D
:1041E00000000000000000000000000000000000CF
:1041F000331C2900200900005C3501084831010802
:10420000E81600240000000000000000000000008C
:104210000000000000000000FFFF000000000000A0
:10422000000000000000000000000000000000008E
:1042300000000000000000004C414E393235325F72
:104240003136484249000000312E3100302E320014
:10425000C8030024E0030024000000005369676ED7
:1042600065642070726573656E746174696F6E0049
:1042700001000000556E7369676E65642070726599
:1042800073656E746174696F6E0000000400000055
:104290000100000052920000110102000000000025
:1042A000040001020304000089130000090000005B
:1042B00014000000000000000000000000000000EA
:1042C0000D000000000000000000000000000000E1
:1042D00000000000000000000000000000000000DE
:1042E00000000000000000000000000000000000CE
:1042F00000000000000000000000000000000000BE
:1043000000000000000000000000000000000000AD
:10431000000000000000000000000000000000009D
:10432000000000000000000000000000000000008D
:10433000000000000000000000000000000000007D
:10434000000000000000000000000000000000006D
:10435000000000000000000000000000000000005D
:10436000000000000000000000000000000000004D
:10437000000000000000000000000000000000003D
:10438000000000000000000000000000000000002D
:10439000000000000D00000080010060800200604D
:1043A000800300608004006080050060800600607B
:1043B000800700608008006080090060800A00605B
:1043C000800B0060800C0060800D00600D0000001C
:1043D00000000000000000000000000000000000DD
:1043E00000000000000000000000000000000000CD
:1043F00000000000000000000000000000000000BD
:1044000000000000000000000000000000000000AC
:10441000000000000000000000000000000000009C
:10442000000000000000000000000000000000008C
:10443000000000000000000000000000000000007C
:10444000000000000000000000000000000000006C
:10445000000000000000000000000000000000005C
:10446000000000000000000000000000000000004C
:10447000000000000000000000000000000000003C
:10448000000000000000000000000000000000002C
:10449000000000000000000000000000000000001C
:1044A0000D000000800110708002107080031070F9
:1044B00080041070800510708006107080071070E6
:1044C0008008107080091070800A1070800B1070C6
:1044D000800C1070800D10700200100003000000AE
:1044E0000300000064000000C80000002C01000070
:1044F000010001160100001A000000005375624916
:104500006E6465782030303000000000020000004A
:104510000100000004000000AAAAAAAA9006002434
:10452000000000007C090024E40900244C0A002457
:10453000000000000000000000000000000000007B
:10454000000000000000000000000000000000006B
:10455000000000000000000000000000000000005B
:10456000000000000000000000000000000000004B
:10457000000000000000000000000000000000003B
:10458000000000000000000000000000000000002B
:10459000000000000000000000000000000000001B
:1045A000000000000000000000000000000000000B
:1045B00000000000000000000000000000000000FB
:1045C00000000000000000000100000000000000EA
:1045D0000E33CDAB34126DE6ECDE05000B000000AF
:1045E00000000000000000000000000000000000CB
:1045F00000000000000000000000000000000000BB
:1046000000000000000000000000000000000000AA
:10461000000000000000000000000000000000009A
:10462000000000000000000000000000000000008A
:10463000000000000000000000000000000000007A
:10464000000000000000000000000000000000006A
:10465000000000000000000000000000000000005A
:10466000000000000000000000000000000000004A
:10467000000000000000000000000000000000003A
:10468000000000000000000000000000000000002A
:10469000000000000000000000000000000000001A
:1046A000000000000000000000000000000000000A
:1046B00000000000000000000000000000000000FA
:1046C00000000000000000000000000000000000EA
:1046D00000000000000000000000000000000000DA
:1046E00000000000000000000000000000000000CA
:1046F00000000000000000000000000000000000BA
:1047000000000000000000000000000000000000A9
:104710000000000000000000000000000000000099
:104720000000000000000000000000000000000089
:104730000000000000000000000000000000000079
:104740000000000000000000000000000000000069
:104750000000000000000000000000000000000059
:104760000000000000000000000000000000000049
:104770000000000000000000000000000000000039
:104780000000000000000000000000000000000029
:104790000000000000000000000000000000000019
:1047A0000000000000000000000000000000000009
:1047B00000000000000000000000000000000000F9
:1047C00000000000000000000000000000000000E9
:1047D00000000000000000000000000000000000D9
:1047E00000000000000000000000000000000000C9
:1047F00000000000000000000000000000000000B9
:1048000000000000000000000000000000000000A8
:104810000000000000000000000000000000000098
:104820000000000000000000000000000000000088
:104830000000000000000000000000000000000078
:104840000000000000000000000000000000000068
:104850000000000000000000000000000000000058
:104860000000000000000000000000000000000048
:104870000000000000000000000000000000000038
:104880000000000000000000000000000000000028
:104890000000000000000000000000000000000018
:1048A0000000000000000000000000000000000008
:1048B00000000000000000000000000000000000F8
:1048C00000000000000000000000000000000000E8
:1048D00000000000000000000000000000000000D8
:1048E00000000000000000000000000000000000C8
:1048F00000000000000000000000000000000000B8
:1049000000000000000000000000000000000000A7
:104910000000000000000000000000000000000097
:104920000000000000000000000000000000000087
:104930000000000000000000000000000000000077
:104940000000000000000000000000000000000067
:10495000B80A0024B80A0024C00A0024C00A0024AF
:10496000C80A0024C80A0024D00A0024D00A00245F
:10497000D80A0024D80A0024E00A0024E00A00240F
:10498000E80A0024E80A0024F00A0024F00A0024BF
:10499000F80A0024F80A0024000B0024000B00246D
:1049A000080B0024080B0024100B0024100B00241B
:1049B000180B0024180B0024200B0024200B0024CB
:1049C000280B0024280B0024300B0024300B00247B
:1049D000380B0024380B0024400B0024400B00242B
:1049E000480B0024480B0024500B0024500B0024DB
:1049F000580B0024580B0024600B0024600B00248B
:104A0000680B0024680B0024700B0024700B00243A
:104A1000780B0024780B0024800B0024800B0024EA
:104A2000880B0024880B0024900B0024900B00249A
:104A3000980B0024980B0024A00B0024A00B00244A
:104A4000A80B0024A80B0024B00B0024B00B0024FA
:104A5000B80B0024B80B0024C00B0024C00B0024AA
:104A6000C80B0024C80B0024D00B0024D00B00245A
:104A7000D80B0024D80B0024E00B0024E00B00240A
:104A8000E80B0024E80B0024F00B0024F00B0024BA
:104A9000F80B0024F80B0024000C0024000C002468
:104AA000080C0024080C0024100C0024100C002416
:104AB000180C0024180C0024200C0024200C0024C6
:104AC000280C0024280C0024300C0024300C002476
:104AD000380C0024380C0024400C0024400C002426
:104AE000480C0024480C0024500C0024500C0024D6
:104AF000580C0024580C0024600C0024600C002486
:104B0000680C0024680C0024700C0024700C002435
:104B1000780C0024780C0024800C0024800C0024E5
:104B2000880C0024880C0024900C0024900C002495
:104B3000980C0024980C0024A00C0024A00C002445
:104B4000A80C0024A80C0024B00C0024B00C0024F5
:104B5000B80C0024B80C0024C00C0024C00C0024A5
:104B6000C80C0024C80C0024D00C0024D00C002455
:104B7000D80C0024D80C0024E00C0024E00C002405
:104B8000E80C0024E80C0024F00C0024F00C0024B5
:104B9000F80C0024F80C0024000D0024000D002463
:104BA000080D0024080D0024100D0024100D002411
:104BB000180D0024180D0024200D0024200D0024C1
:104BC000280D0024280D0024300D0024300D002471
:104BD000380D0024380D0024400D0024400D002421
:104BE000480D0024480D0024500D0024500D0024D1
:104BF000580D0024580D0024600D0024600D002481
:104C0000680D0024680D0024700D0024700D002430
:104C1000780D0024780D0024800D0024800D0024E0
:104C2000880D0024880D0024900D0024900D002490
:104C3000980D0024980D0024A00D0024A00D002440
:104C4000A80D0024A80D0024B00D0024B00D0024F0
:104C5000B80D0024B80D0024C00D0024C00D0024A0
:104C6000C80D0024C80D0024D00D0024D00D002450
:104C7000D80D0024D80D0024E00D0024E00D002400
:104C8000E80D0024E80D0024F00D0024F00D0024B0
:104C9000F80D0024F80D0024000E0024000E00245E
:104CA000080E0024080E0024100E0024100E00240C
:104CB000180E0024180E0024200E0024200E0024BC
:104CC000280E0024280E0024300E0024300E00246C
:104CD000380E0024380E0024400E0024400E00241C
:104CE000480E0024480E0024500E0024500E0024CC
:104CF000580E0024580E0024600E0024600E00247C
:104D0000680E0024680E0024700E0024700E00242B
:104D1000780E0024780E0024800E0024800E0024DB
:104D2000880E0024880E0024900E0024900E00248B
:104D3000980E0024980E0024A00E0024A00E00243B
:104D4000A80E0024A80E0024B00E0024B00E0024EB
:104D5000FFFFFFFF00000200F86100244300000095
:104D60000000000000000000000000000000000043
:104D700000000000000000000000000043000000F0
:104D80000000000000000000000000000000000023
:104D900000000000000000000000000043000000D0
:104DA0000000000000000000000000000000000003
:104DB00000000000000000000000000043000000B0
:104DC00000000000000000000000000000000000E3
:104DD0000000000000000000000000004300000090
:104DE00000000000000000000000000000000000C3
:104DF0000000000000000000000000004300000070
:104E000000000000000000000000000000000000A2
:104E1000000000000000000000000000430000004F
:104E20000000000000000000000000000000000082
:104E3000000000000000000000000000612D0108DB
:104E40001D2C0108000000007C3A0108783E010892
:104E50001C3801081C3801081C3801081C380108DE
:104E60001C3801081C3801081C3801081C380108CE
:104E70001C380108FFFFFFFFFFFFFFFFFFFFFFFFE1
:104E8000FFFF0000010041534349490000000000BA
:104E90000000000000000000000000000000000012
:104EA0000000000000004153434949000000000099
:104EB00000000000000000000000000000000000F2
:084EC0000000000000000000EA
:0400000508001E6968
:00000001FF
